"","text"
"1"," kapolda jatim lakukan peninjauan pelaksanaan vaksinasi dan pemberian bansos di gerai vaksin polres pelabuhan tanjung p"
"2","     kok nyalahin wawasan orang lain  emang pernah ad "
"3","cara daftar dtks kemensos agar dapat bansos desember  unduh aplikasi cek bansos di hp  "
"4"," dia sdh ada job baru panglima nggarong dana haji bpjs bansos "
"5","kapolda jatim lakukan peninjauan pelaksanaan vaksinasi dan pemberian bansos di gerai vaksin polres pelabuhan tanjun "
"6","babinsa kel ngelo serka sutikno melaksanakan giat komsos bersama bhabinkamtibmas dan warga bertempat di lingkungan "
"7","selamat pagi sobat presisi pada hari ini jumat  desember  bertempat di balai desa sanggrahan bhabinkamtimba "
"8","      move on apa sih move on pajak bea "
"9","kemarin gubernur lampung salurkan bansos penanganan dampak inflasi  "
"10"," tumbuhkan empati terhadap saudarasaudara yang terdampak banjir bandang di ds sinomwidodo kec tambakromo plt kapolrest"
"11","keceriaan anakanak cianjur saat diadakan trauma healing polri  memberikan pendampingan trauma healing kepada anak "
"12","bhabinkamtibmas desa karyalaksana aiptu suparno melaksanakan giat monitoring penyaluran bansos bpnt pkh dan bbm di "
"13","polri salurkan bansos kepada masyarakat korban gempa cianjur  distribusicapaipelosok jangkau warga terisolir "
"14","kami ada untukmu saudaraku   momen anak anak yang tersenyum mengikuti kegiatan trauma healing yg di gelar porli di "
"15","polri kembali salurkan bantuan sosial kepada para warga korban bencana gempa bumi di cianjur jawa barat bansos ini "
"16","makasih buat polri yang udah salurkan bansos ke warga korban gempa cianjur  distribusicapaipelosok jangkau warga t "
"17","tim satgas kesehatan polri berikan saluran bansos kepada warga korban gempa cianjur distribusicapaipelosok jangkau "
"18","alhamdulillah bansos udh smpe ke pelosok daerah distribusicapaipelosok jangkau warga terisolir "
"19","distribusicapaipelosok polri menyalurkan bansos ke warga korban gempa dan jangkau warga terisolir "
"20","personel polri menyalurkan bansos dan mengirimkan juga tim satgas kesehatan untuk memberikan pelayanan kesehatan ke "
"21","wahh sukarelawan polwanpolwan mmbantu anakanak agar mereka lupa dengan trauma nya terhadap bencana gempa  para  "
"22","bansos dari polri distribusicapaipelosok sehingga jangkau warga terisolir "
"23","trauma healing untuk senyum anak anak cianjur didampingi oleh polri dan juga penyaluran bansos meringankan beban me "
"24","polri salurkan bansos untuk korban gempa cianjur  distribusicapaipelosok jangkau warga terisolir "
"25","hebat polri cekatan dan tepat dalam menyalurkan bansos  big respect distribusicapaipelosok jangkau warga terisol "
"26","salut sama jajaran para polri yang udah berpartisipasi dalam misi kemanusiaan menyalurkan bansos untuk para korban "
"27","lugas bervisi misi menjilat sanai tukang dusta profesional berbayar  luncurkan scene drakor dukung "
"28"," bingung harus ngapain saat jadi kelompok masyarakat pokmas di program bansos permakanan  yuk ikutin lima  langkah yang"
"29","  lagi keadaan kaya gini bukannya sibuk cari logistik buat survive malah bikin tenda buat ngewe pikirannya pad"
"30","   ya iya aman tukang maen isu saranya kenyang makan bansos wan abud turun lapar lagi"
"31","dinas sosial kab bekasi   laksanakan monev penyaluran bansos bltbbm bpnt dan pkh tahap ii bagi kpm di "
"32","one day one bansos  kapolres sumbawa barat akbp heru muslimin  sikmip memberikan bantuan sembako kepada masyarak "
"33","catat  syarat agar lansia dapatkan bansos program permakanan kemensos   "
"34"," kelelahan hingga pingsan saat antre bansos seorang wanita di bogor meninggal dunia  liputan  "
"35"," kelelahan hingga pingsan saat antre bansos seorang wanita di bogor meninggal dunia  liputan  "
"36"," kelelahan hingga pingsan saat antre bansos seorang wanita di bogor meninggal dunia  liputan  "
"37","kelelahan hingga pingsan saat antre bansos seorang wanita di bogor meninggal dunia  liputan  "
"38","kapolsek cilawu polres garut di dampingi kanit samapta dan bhabinkamtibmas memantau pelaksanaan penyaluran bansos d "
"39","jajaran polsek sindangwangi polres majalengka mengawal ketat penyaluran bansos dari pemerintah yakni blt bbmbpnt d "
"40","unit samapta polsek cilawu polres garut melaksanakan pengamanan kegiatan penyaluran bansos di desa dangiang "
"41","  bapak muhammad said didu yg terhormat saya tau bapak bukan orang bodoh yuk bapak dibuka ot "
"42","  perlu dipahami ya  data bansos itu usulan dari bawahdesa ntah periode  sampai yang "
"43","giat sambang serta pembagian bansos sembako dalam rangka jumat berkah oleh bhabinkamtibmas kel galay dubu bersama b "
"44","bansos pkh tahap  cair desember  ibu hamil juga kena rejeki rp ribu cek kategori penerima lainnya "
"45","  sumber kami juga ada yang dari akar rumput baik petugas atau masyarakat biasa dtks itu data "
"46","  banyak bansos ditolak gara beda agama statement intoleran nih fakta di lapangan gak ka "
"47","apa itu pokmas pengelola bantuan sosial permakanan untuk lansia yang diberikan setiap hari  "
"48","  bagaimana jika kita terdaftar dan sudah tersalurkan tpi tidak mendapat kode qr dari apl "
"49","penyaluran bansos penanganan inflasi di bangkalan menunggu skbupati "
"50"," bansos nya bandot"
"51","giat bansos bhabinkamtibmas polsek batibati polres tanah laut bripka saputa nor adha kepada masyarakat desa kaitk "
"52","aga bingung sih sm orgorg indonesia tuh berdoa sm tuhan nya pgn kayaaa tp pas didata sm pemerintah pgn di miskinkan biar dapet bansos"
"53","tumbuhkan empati terhadap saudarasaudara yang terdampak musibah banjir bandang di ds sinomwidodo kec tambakromo "
"54","tumbuhkan empati terhadap saudarasaudara yang terdampak banjir bandang di ds sinomwidodo kec tambakromo plt ka "
"55"," menyalurkan hobby bukan bansos"
"56","  klu ada bansos langsung pura kere"
"57","cek di dtks sebagai penerimaafaat tpi blt bansos tidak prnah dapat sma skli dri dulu sampai mendaftar kjp buat ana "
"58","  giliran bansos antri paling depan"
"59"," mendaftar x kjp anak tpi tidak pernah lolos padahal penerima manfaat di dtks tpi tidak pernah dapat "
"60","  di daerah rumah mamahku yg dapet bansos orang yg deket sama nya nder"
"61","  yg bikin relawanterus hal gini juga lumrah karena termasuk sop pd bencanaterus banso "
"62"," penyaluran bansos yang dilaksanakan oleh kapolres pasangkayu kepada masyarakat yang membutuhkan    "
"63","penyaluran bansos yang dilaksanakan oleh kapolres pasangkayu kepada masyarakat yang membutuhkan   "
"64","polsek rkt polres prabumulih memberikan bansos kepada masyarakat yang sakit    "
"65","dasar kadrun giliran ada bansos bacot paling duluan  "
"66","kapolres metro tangerang kota cek langsung penyaluran bansos di kelurahan gerendeng karawaci aman dan tepat sasara "
"67"," kalo after office aku suka bingung ini gym apa antrian bansos alias rame betoll"
"68","bhabinkamtibmas desa suka damai aipda basruddin polsek muara badak polres bontang melaksanakan giat bansos "
"69","  lagi keadaan kaya gini bukannya sibuk cari logistik buat survive malah bikin tenda buat ngewe pikirannya pad"
"70","bhabinkamtibmas bripka saharuddin sh dan babinsa serda muh ali kel mallusetasi menyalurkan bansos kepada masyara "
"71","apakah bisa dapat bsu  kali simak informasi terbaru dan cara cek penerima  bsu bsu "
"72"," iyasiii  tapi mayanlah apapapun demi bansos "
"73","giat kanit samapta bersama waka polsek muara badak melaksanakan bansos di desa tanjung limau kecamatan muara badak "
"74"," sejuta doang bansos apa nyogok itu wkwkwk"
"75","kapolsek siantar selatan  iptu edi tuahta p saragih sh mh mewakili kapolres pematang siantar bersama dengan perso "
"76","waka polsek muara badak iptu lamser l  bersama kanit samapta membagikan bansos kepada warga desa tanjung limau "
"77","  lagi keadaan kaya gini bukannya sibuk cari logistik buat survive malah bikin tenda buat ngewe pikirannya pad"
"78","gimana caranya spy dpt bansos jg   "
"79"," bansos abis kayaknya"
"80","  lagi keadaan kaya gini bukannya sibuk cari logistik buat survive malah bikin tenda buat ngewe pikirannya pad"
"81","  lagi keadaan kaya gini bukannya sibuk cari logistik buat survive malah bikin tenda buat ngewe pikirannya pad"
"82","upah naik sementara kebutuhan bahan pokok bertambah mahalotomatis pengeluaran lebih besar dari pendapatanalangka "
"83","  lagi keadaan kaya gini bukannya sibuk cari logistik buat survive malah bikin tenda buat ngewe pikirannya pad"
"84","buleleng akan gunakan did rp miliar untuk cadangan pangan desa hingga beri bansos masyarakat terdampak "
"85"," di aku dari awal begono apa krn udah selalu make premium yak jd sp mikirnya gue banyak duit gitu "
"86","bismillah bansos  primo "
"87","mbah man sudah mewakili orangorang yg tdk mampu untuk mendapatkan bansos "
"88"," bansos  ngewe "
"89","kannn ngentotttt gue lupa bansos gue anjjjjjj"
"90","mayan dapet bansos pagi "
"91","pantau penyaluran bansos kapolres situbondo akbp dr andi sinjaya apersiasi minat masyarakat untukvaksin "
"92","  lagi keadaan kaya gini bukannya sibuk cari logistik buat survive malah bikin tenda buat ngewe pikirannya pad"
"93","  lagi keadaan kaya gini bukannya sibuk cari logistik buat survive malah bikin tenda buat ngewe pikirannya pad"
"94","  emang kadrun ngakuin jokowi presiden ngakuinya klo mau ambil bansos doang"
"95","penyaluran bantuan sosial dari polresta p ambon amp  pp lease  polripresisi thankyoupolisi basudaramanise "
"96"," pemerintah kota pemkot bandung menyalurkan bantuan sosial dalam rangka pengendalian inflasi tahun  kepada "
"97","   laaa mereka poto trus posting  di ig kecuali mereka pawai pake m "
"98"," lagi keadaan kyk gini bukannya sibuk cari logistik buat survive malah bikin tenda buat hs pikiranny "
"99"," lagi keadaan kaya gini bukannya sibuk cari logistik buat survive malah bikin tenda buat hs pikiranny "
"100","hood art president of indonesian semoga dapat bansos frlegends  art  presidenjokowihebat "
"101","  pancasila itu yg gimana pir  bela koruptor bansosapa gongongin siapapun yg coba usik majikan pir"
"102"," prrlu bansos kak"
"103","   ya iya aman tukang maen isu saranya kenyang makan bansos wan abud turun lapar lagi"
"104"," anj wkwkwk dpt bansos dr durex kah ini"
"105"," manusia manusia misquin komentar klo elu masih nonton bola modal stb bansos mah diem broo kecuali ke "
"106","antri wudhu seperti antri bansos "
"107"," kaya survei bansos saja "
"108","  lagi keadaan kaya gini bukannya sibuk cari logistik buat survive malah bikin tenda buat ngewe pikirannya pad"
"109","antre bansos perempuan lansia di bogor meninggal dunia   sindonews bukanberitabiasa "
"110","  lagi keadaan kaya gini bukannya sibuk cari logistik buat survive malah bikin tenda buat ngewe pikirannya pad"
"111","  lagi keadaan kaya gini bukannya sibuk cari logistik buat survive malah bikin tenda buat ngewe pikirannya pad"
"112","perempuan lansia meninggal dunia saat antre bansos di cigudeg bogor "
"113","cara cek bansos bbm  online pakai ktp di   pikiran rakyat depok  "
"114","trima kasih menfess aku jadi inget kalo aku belum ambil bansos liben"
"115","wali kota palangka raya susuri sungai kahayan salurkan bansos banjir  antara news kalimantan tengah "
"116","perempuan lansia meninggal dunia saat antre bansos di cigudeg bogor "
"117","   dapet bansos dari eti"
"118","  lagi keadaan kaya gini bukannya sibuk cari logistik buat survive malah bikin tenda buat ngewe pikirannya pad"
"119","  lagi keadaan kaya gini bukannya sibuk cari logistik buat survive malah bikin tenda buat ngewe pikirannya pad"
"120","pemerintah kota pemkot bandung menyalurkan bantuan sosial dalam rangka pengendalian inflasi tahun  kepada  "
"121"," kalau liat doktrin regresif apokaliptik macem azab gitu cuma penasaran kok bentuk dosanya selalu personal ya macem z"
"122","  narasi cocok untuk junjunganmu bansos apa bbm naik yg merata ke rakyat"
"123"," korupsi bansos covid pendukung hmmmm loh"
"124"," bingung harus ngapain saat jadi kelompok masyarakat pokmas di program bansos permakanan  yuk ikutin lima  langkah yang"
"125","ketika bansos dijadikan alat politik bahkan dijadikan senjata untuk mengintimidasi masyarakat parah tp pakta "
"126"," bansos aja dikorup"
"127","tiga bansos di gunungkidul cair bersamaan untuk puluhan ribu orang  beritajogja jogja "
"128","     owh gw kira kadrun itu yg mereka yg nyolong duit rakyat "
"129","ketika bansos dijadikan alat politik  susah dilawan wkwkw"
"130","  lagi keadaan kaya gini bukannya sibuk cari logistik buat survive malah bikin tenda buat ngewe pikirannya pad"
"131","kapolres seram bagian timur akbp agus joko nugroho sh sik pimpin giat penyaluran bansos presisi untuk ruma "
"132","kapolres seram bagian timur akbp agus joko nugroho sh sik pimpin giat penyaluran bansos presisi untuk ruma "
"133","  maen lah ke akar rumput biar tahu bagaimana bansos kalian salurkan kepada para kpm yang kal "
"134","cara daftar bansos desember ada bpnt dan blt bbm yang bisa didapatkan usai unduh aplikasi ini "
"135"," bansos bantuan sosis"
"136","  lagi keadaan kaya gini bukannya sibuk cari logistik buat survive malah bikin tenda buat ngewe pikirannya pad"
"137"," gaslah pandemi lagi bansos lagi"
"138","kouta bansos masuk space ngeleg kontol"
"139","bansos lagi tren"
"140","polsek rambang kapak tengah memberikan bansos terhadap warga yang sakit  polsekrambangkapaktengah  poldasumsel "
"141","  lagi keadaan kaya gini bukannya sibuk cari logistik buat survive malah bikin tenda buat ngewe pikirannya pad"
"142","  lagi keadaan kaya gini bukannya sibuk cari logistik buat survive malah bikin tenda buat ngewe pikirannya pad"
"143"," bansos belum terbukti"
"144"," bapak mauu nnya anak kos apa ngga dapat bansos ya pak "
"145"," terima kasih bapak wagub fast respon dan bikisan sembakonyatapi sampai saat inipun bansos juga belum "
"146"," yang sabar ya semoga habisini hepiele ngasih bansos "
"147"," pity  rate on fate ada  blm beli bansos"
"148","      kalo sayaaa ndak sukak yang namanya ban "
"149"," cici mau nanya bapakkalo ada masyarakat menengah kebawah gak dapet bansos siapa yang harus di salahkan "
"150","     lha ibuibu yang diteriakin maling di depan banyak orang "
"151"," harapan kami cuman menadapatkan bansos walaupun beras sebutir ataupun blt rp  asal benarbenar me "
"152","udah dulu yaaa aku dipanggil pak rt  huhuhu geumeuusss niiii kader bansos kaliii "
"153","      bansos pemko surakarta iya klo pemkab klaten bukan"
"154","  ya iya aman tukang maen isu saranya kenyang makan bansos wan abud turun lapar lagi"
"155"," bingung harus ngapain saat jadi kelompok masyarakat pokmas di program bansos permakanan  yuk ikutin lima  langkah yang"
"156"," bapak wagub apakah hanya tim dinsos cuman ngasih bikisan semnako dari bapak emil sajatidak lanjut u "
"157","kemarin saya beli ban tapi ban nya kepotong dan habis ternyata itu bansos"
"158"," omonganmu dah ky yg paling suci z drunzolam zolim giliran dpt bansos paling depan"
"159","      kalo bansos mungkin wewenang dia ya mas"
"160","siswa spn polda jatim salurkan bansos kepada warga kurangmampu "
"161","penyaluran bansos tak tepat sasaran warga melapor ke ketua dprd sumutsejumlah "
"162"," proyek lagi nih bansos buat org miskin aja diembat apalagi proyek gede coba pelototi sama sama"
"163"," supir angkutan umum dapatkan bansos pembelian bbm dari pemkabmadina "
"164","harapan mendapatkan bantuan bansos kok susah yawalaupun respon dari bapak wagub emil positif jelas dan langsung "
"165","reivanka asik besok dapet bansos pkh ke sono ah  tanbeachboy yok besok gua juga dapet bansos pkh  admin p "
"166","rezim tdk akan berhenti menjarah uang negara sblm negara ini hancur olh mereka sprt bumiputra asabri bansos tel "
"167","pake wifi dirumah malah jaringan bansos"
"168"," ksyak pengajusn bansos keluarha saya pak anis dari awal pamdemi hingga saat ini belum permah dapat "
"169","   mohon juga pak  untuk ikut serta menilik rsud trutama disekitaran "
"170","lbh sikap ciamis menyayangkan adanya dugaan penyimpangan penyaluran bansos   bansosciamis "
"171"," kapolda jatim lakukan peninjauan pelaksanaan vaksinasi dan pemberian bansos di gerai vaksin polres pelabuhan tanjung perak"
"172","  ayo semangat menjemput bansos"
"173","baca ini berasa baca list penerima bansos "
"174","pendistribusian bansos blt bbmsembako dan pkh di balai desa sokolelah keckadur kabpamekasan "
"175","curhat kepala desa saguling ciamis soal data penerima bansos pemerintah  ciamis bansos blt kecamatanbaregbeg"
"176"," lagi keadaan kaya gini bukannya sibuk cari logistik buat survive malah bikin tenda buat ngewe pikir "
"177","    maklum china kerja keras gak keganggu ibadah pribumi cukup amplop demo dan "
"178","kejati tetapkan  tersangka dugaan korupsi bansos di kementerian agama jawa barat "
"179","info bansos ga pernah dibuka "
"180","bhabinkantibmas giat bansos   kapoldasumsel poldasumsel  ditsamapta  kapolresbanyuasin polisibanyuasin "
"181","pasuruan program keluarga harapan pkh merupakan bantuan sosial bansos bersyarat kepada keluarga penerima manf "
"182","  kalo kata mertua saya yg org sana mah enak ibarat dapet bansos rb kepotong rb dari kelura "
"183","   intelektelor penerima bansos "
"184","   daripada ikut giveaway mending bantu keluarga lu antri bansos "
"185"," gtau a  nunggu bansos buat dpetin wawan"
"186","pada tanggal  desember  giat penyaluran bansos polri berupa  karung beras oleh bripka ida bagus darmaya bhabi "
"187"," kapan a dapet bansos"
"188","kapolda jatim lakukan peninjauan pelaksanaan vaksinasi dan pemberian bansos di gerai vaksin polres pelabuhan tanjun "
"189","bingung harus ngapain saat jadi kelompok masyarakat pokmas di program bansos permakanan  yuk ikutin lima  lang "
"190","abang sicepat ngasih paket udah kek ngasih bansos bonus karung ceunah pengiriman malam wkwk "
"191","sidokkes polres oki polda sumsel memberikan bansos kepada masyarakat kayuagung  mabespolri okiupdate kapolri "
"192"," emang ga dikasih pak nder mestinya kn dpet bansos"
"193","sidokkes polres oki polda sumsel menerima bansos dari ibu ketua bhayangkari cab oki dalam rangka giat bhayangkari p "
"194","gak bosen apa ya kasih notif bansos mulu coba kasih notif yang lain dong "
"195","sidokkes polres oki polda sumsel memberikan bansos kepada masyarakat kayuagung  mabespolri okiupdate kapolri "
"196","kek lu tuh tipe cowo gua bangettt anjrottt udah suka alam anak motor classic anak komunitas bansos yaa emang se "
"197"," sena are you ok gacha saha kamu rusti daijobu bansos lg berdatangan btw itu editan"
"198","  apakah juga diabaikan  tapi sumpah pns kan terkait ucapan perbuatan   bagaimana dg t "
"199","sidokkes polres oki polda sumsel memberikan bansos kepada masyarakat kayuagung  mabespolri okiupdate kapolri "
"200"," cbong pemuja bansos"
"201","sidokkes polres oki polda sumsel menerima bansos dari ibu ketua bhayangkari cab oki dalam rangka giat bhayangkari p "
"202"," saya pikir dana dana proyek anggaran bansos pajak dll sebagainya bisa di kirim lewat rupiah digita "
"203"," selain umkm tukang ojek dan nelayan juga akan mendapat bantuan tersebut "
"204","aneh aja gitu sultan ko dapet bansos"
"205","baubau ada bansos nih "
"206","warga cigudeg meninggal saat antre bansos ini penjelasan polisi dan puskemas bogor antrebansos wargameninggal "
"207"," iya ya aku juga dari kemarin bisa dapet b juga cuma ngandelin dari bansos fripull aja"
"208"," tapi bansos pake misi  trus gada auto live jugaaa "
"209","tata cara penyaluran bantuan sosial permakanan untuk lansia dibagikan tiap hari oleh kemensos "
"210","kapolda jatim lakukan peninjauan pelaksanaan vaksinasi dan pemberian bansos di gerai vaksin polres pelabuhan tanjun "
"211"," merampok bansos kaya temen lu"
"212","lu pikir bansos ikhlasin "
"213","kapolda jatim lakukan peninjauan pelaksanaan vaksinasi dan pemberian bansos di gerai vaksin polres pelabuhan tanjun "
"214"," bissmillah bansos"
"215","   pengajuan dtks amp  pengusulan bansos bisa  jalur usulan desausulan individu "
"216"," pejabrut sini ga peduli ky gnian transport publik setengah hati giliran mo deket pemilu gelontorin bansos biar kepilih lagi"
"217","pemerintah provinsi provinsi lampung melaunching bantuan sosial tunai penanganan dampak inflasi daerah  di desa "
"218","   bongfir meningan maling bansos aja "
"219","jangan salah sasaran ini  kriteria lansia penerima bantuan sosial permakanan dari kemensos "
"220","bansos polri ini dilaksanakan untuk mampu menghibur amp  menghalau trauma pasca gempa cianjur bagi korban gempa cianju "
"221"," korupsi dana bansos korupsi dana pembangunan mesjid menyelewengkan dana bantuan korban bencana"
"222","dear  yg terhormatsaya mohon ijin mau bertanyaapakah orang seperti saya tidak layak menerima bansos y "
"223","emakemak di bogor meninggal saat antre bansos miliki penyakit komplikasi lengkapcepatberitanya beritaterkini "
"224","  gambar khusus kaum munfiqun yg masih mnggunakanjd penerima barang amp  jasa brsubsidi dri pemerintah seperti"
"225","kapolda jatim lakukan peninjauan pelaksanaan vaksinasi dan pemberian bansos di gerai vaksin polres pelabuhan tanjun "
"226"," discusshe  video replay hari  sesi   program bantuan sosial penggerak ekonomi   discusshe"
"227"," bansos nya ada gak"
"228","  iya juga sih tapi yg maling bansos lebih hebat lagi loh uang katah orang miskin itu "
"229","apaan nih aplikasi bansos kok error mulu tiap log in kalo fungsinya buat aplikasi buat mempermudah kalangan masyara "
"230","kapolda jatim lakukan peninjauan pelaksanaan vaksinasi dan pemberian bansos di gerai vaksin polres pelabuhan tanjun "
"231","bhabinkamtibmas kelurahan bugih monitoring dan pengamanan pemberian bansos di jln dirgahayu kelurahan bugih kecam "
"232","bru gacha sekali dpt biru mau nyoba peruntungan lagi dehmumpung banyak bansos "
"233"," anak sosial mukanya mirip bansos kali yak"
"234","kapolda jatim lakukan peninjauan pelaksanaan vaksinasi dan pemberian bansos di gerai vaksin polres pelabuhan tanjun "
"235"," gak ngaruh la mayoritas kl mentalnya garong bansos ya mudah ditaklukkan"
"236","polsek rkt polres prabumulih memberikan bansos kepada warga yang sakit "
"237","kapolda jatim lakukan peninjauan pelaksanaan vaksinasi dan pemberian bansos di gerai vaksin polres pelabuhan tanjun "
"238"," makasi lele atas bansos meme nya  "
"239","rill min ini antrian bansos aja kalah panjang "
"240","perlu diketahui bersama pasien kami di dua rs di depok  menggunakan bpjs dan bansos walaupun pemkot depok be "
"241"," kapolres cirebon kota akbp drm fahri siregar sh sik mh berikan bansos beras  tonmie  dus dan obat obatan kpd"
"242","berita terbaru  kpm di tiga kecamatan boltim terima bltbbm  bansossembako bltbbm imrangolonda pkhboltim"
"243","ini aku belabelain relay dari shinjuku sampai lb  biar kekejar lb malah kagak ada banner baru  apakah new serva "
"244","pemprov dki cairkan bansos kjp periode desember  begini detailnya "
"245","kapolda jatim lakukan peninjauan pelaksanaan vaksinasi dan pemberian bansos di gerai vaksin polres pelabuhan tanjun "
"246"," kenyang bansos"
"247","  iya teriak rezim dzolim dan penguasa pembohong tapi dapat blt atau bansos lainnya mau juga entepantek"
"248","banser kalteng serahkan  paket bantuan gubernur kalteng      "
"249","siswa spn polda jatim salurkan bansos warga kurang mampu   news berita kabar popular klikwarta"
"250","kan apalagi baik bgt bagi bansos game peod satu ini "
"251"," kapolda jatim lakukan peninjauan pelaksanaan vaksinasi dan pemberian bansos di gerai vaksin polres pelabuhan tanjung pera"
"252","sangat di sayang kan sekali seorang nenek miskin tidak mendapat kan bansos lihat video ronisan tiktok "
"253","kapolda jatim lakukan peninjauan pelaksanaan vaksinasi dan pemberian bansos di gerai vaksin polres pelabuhan tanjun "
"254","pembagian bansos harus mudah cepat dan tepat sasaran  keren    bantuanbbmuntukrakyat  bltbbmtepatsasaran "
"255","    hoax kelebihan bayar bukan korupsi tapi korupsi bansos malah lu "
"256","kapolda jatim lakukan peninjauan pelaksanaan vaksinasi dan pemberian bansos di gerai vaksin polres pelabuhan tanjun "
"257","terimakasih pak presiden bansos bbm sangat membantu kami bantuanbbmuntukrakyat bltbbmtepatsasaran "
"258","resmi diluncurkan dinsos sebut penyaluran bansos ditarget selesai empat hari kerja  "
"259","program penyaluran bansos kepada masyarakat sangat membantu bantuanbbmuntukrakyat bltbbmtepatsasaran "
"260","  sudah jelas karena semua proyeknya selalu ada permintaan cash back contoh bansos pagu rb per paket dil"
"261","bansos blt bbm dan bpnt rp desember  sudah cair cek jadwal dan cara cek penerima di sini "
"262"," gambar khusus kaum munfiqun yg masih mnggunakanjd penerima barang amp  jasa brsubsidi dri pemerintah se "
"263"," metro  guna mengantisipasi tumpang tindih data bantuan sosial bansos dari pemeri     "
"264","warga sukaraksa cigudeg meninggal saat antre bansos di kantor desa bogor antrebansos meninggal riwayat jantung "
"265","ratusan warga desa sukamulya pangatikan garut datangi balai desa untuk dapatkan bansos "
"266","seorang ibu di cigudeg bogor meninggal saat antre bansos  bogor cigudegbogor "
"267"," gambar khusus kaum munfiqun yg masih mnggunakanjd penerima barang amp  jasa brsubsidi dri pemerintah s "
"268","pembagian bansos harus mudah cepat dan tepat sasaran  keren   bantuanbbmuntukrakyat bltbbmtepatsasaran "
"269","  cherry picking  memilih amp  menunjukkan data yg mendukung pendapat kita amp  mengabaikan yg ga sesuai atau nyomot sebagian"
"270"," keputusan penunjukan pt  untuk penyaluran bansos khususnya bpnt utk saat ini sangat tepat "
"271","kamis  desember  jarum jam menunjukkan sekira pukul  wib di desa sukaraksa kecamatan cigudeg kabupat "
"272","kapolda jatim lakukan peninjauan pelaksanaan vaksinasi dan pemberian bansos di gerai vaksin polres pelabuhan tanjun "
"273"," kita cuman mau nunggu bansos   nggak sih cuman mau cepetcepet fontaine "
"274","kapolda jatim lakukan peninjauan pelaksanaan vaksinasi dan pemberian bansos di gerai vaksin polres pelabuhan tanjun "
"275","  yang tidak bisa dilakukan desa adalah menetapkan usulan penerima bansos tersebut agar warga "
"276","bansos pada keluar sampe bingung tiap hari ada aja data baru  ngono iku aku yo gaoleh blasss masio sewu rupiah wkwk"
"277","  persoalan warga yang mampu desa bisa menghapus bansosnya via aplikasi tentu jalan amannya y "
"278","kebijakan bansos sangat membantu masyarakat  bantuanbbmuntukrakyat bltbbmtepatsasaran subsiditepatsasaran "
"279","kebijakan bansos sangat membantu masyarakat  bantuanbbmuntukrakyat bltbbmtepatsasaran subsiditepatsasaran "
"280","kebijakan bansos sangat membantu masyarakat  bantuanbbmuntukrakyat bltbbmtepatsasaran subsiditepatsasaran "
"281","kebijakan bansos sangat membantu masyarakat  bantuanbbmuntukrakyat bltbbmtepatsasaran subsiditepatsasaran "
"282","klo genshin sih sdh ada bansos ya "
"283","   coba warga itu dicek   sudah ber ektp belum   sudah masuk dtks belum   su "
"284"," kapolda jatim lakukan peninjauan pelaksanaan vaksinasi dan pemberian bansos di gerai vaksin polres pelabuhan tanjung p"
"285"," mamah saya dapat kartu kks belum setahun udah ga dapat bansos lagi denger ada orang dzolim minta ke r "
"286"," kapolda jatim lakukan peninjauan pelaksanaan vaksinasi dan pemberian bansos di gerai vaksin polres pelabuhan tanjung pe"
"287"," peduli anak anakkapolres cirebon kota kirimkan personel trauma healing paska gempa disertai memberikan bansos berupa ber"
"288","kapolda jatim lakukan peninjauan pelaksanaan vaksinasi dan pemberian bansos di gerai vaksin polres pelabuhan tanjun "
"289"," ngentit duit bansos paket"
"290","para warga merasa terbantu dengan adanya pengawalan karena bansos yang dibawa dapat disalurkan tepat sasaran di lok "
"291","korupsi dana bansos korupsi dana pembangunan mesjid menyelewengkan dana bantuan korban bencana "
"292","  itu makanan halal jing dari iuran umat islam bukan nipu tukang bakso bukan hasil garon "
"293","dukung program bansos bbm karna terbukti lindungi konsumsi masyarakat bantuanbbmuntukrakyat bltbbmtepatsasaran "
"294","ges ayo bantu biar dapet bansos  versi jp nya juga jangan lupa "
"295","ada bansos lagi dr spotipai "
"296","kapolres tanimbar bersama personel kunjungi desa lorulun guna menyambangi warga masyarakat  pada kegiatan tersebut "
"297","dukung program bansos bbm untuk kesejahteraan masyarakat  bantuanbbmuntukrakyat bltbbmtepatsasaran "
"298","kapolda jatim lakukan peninjauan pelaksanaan vaksinasi dan pemberian bansos di gerai vaksin polres pelabuhan tanjun "
"299","ive just posted a new blog siswa spn polda jatim salurkan bansos kepada warga kurang mampu "
"300","siswa spn polda jatim salurkan bansos kepada warga kurang mampu "
"301","siswa spn polda jatim salurkan bansos kepada warga kurang mampu "
"302","mantap semakin banyak bansos semakin sejahtera rakyat indonesia  bantuanbbmuntukrakyat bltbbmtepatsasaran "
"303"," ekspresi mereka kek lagi dapet notifikasi bansos "
"304","turut berupaya ringankan beban mayarakat bapas muara teweh kanwil kemenkumham kalteng kembali salurkan bansos bagi "
"305","program bansos bbm terbukti dorong amp  lindungi konsumsi masyarakat bantuanbbmuntukrakyat bltbbmtepatsasaran "
"306","siswa spn polda jatim salurkan bansos kepada warga kurang mampu "
"307","ive just posted a new blog siswa spn polda jatim salurkan bansos kepada warga kurang mampu "
"308","siswa spn polda jatim salurkan bansos kepada warga kurang mampu "
"309","sedang antre ambil bansos warga cigudeg meninggal dunia "
"310","menteri keuangan sri mulyani melaporkan realisasi penyaluran bantuan sosial untuk komunitas adat terpencil kat te "
"311","kapolda jatim lakukan peninjauan pelaksanaan vaksinasi dan pemberian bansos di gerai vaksin polres pelabuhan tanjun "
"312","hut ke  polairud kapolres meranti salurkan bansos dan dengarkan curhat nelayan kecil "
"313","apakah di eng tidak dapet bansos"
"314","di cek bansos sedang proses bank himbarapt postapi bansos tdk cair apa masalahnya "
"315"," bismillah bansos"
"316"," seragam merah jadi inget ini garong bansos dr si merah "
"317","hendak ambil bansos seorang lansia meninggal dunia di cigudeg bogor    lewat "
"318","beragam bansos disalurkan pemerintah kepasa keluarga penerima manfaat  bantuanbbmuntukrakyat bltbbmtepatsasaran "
"319","bansos yang diberikan pemerintah meringankan beban masyarakat bantuanbbmuntukrakyat bltbbmtepatsasaran "
"320","turunkan angka kemiskinan warga pacitan digelontor bansos "
"321","radar bogor  sedang antre ambil bansos warga cigudeg meninggal dunia cigudeg amp   rada  "
"322","bktm desa leming dan desa rarang bersama babinsa koramil terara pam giat pembagian bansos "
"323","pemdes karangsembung fasilitasi penyaluran bansos blt bbm bpnt dan pkh "
"324"," koment klo gk pake alis mata ya gini loe kira yg menjabat menteri  thn inidri santri semua  mul "
"325","hut ke polairud kapolres meranti salurkan bansos dan dengarkan curhat nelayan kecil "
"326","  yang paling banyak bansos  penerimanya  dicatat di langit juga moral nya"
"327","kapolda jatim lakukan peninjauan pelaksanaan vaksinasi dan pemberian bansos di gerai vaksin polres pelabuhan tanjun "
"328","kapolda jatim lakukan peninjauan pelaksanaan vaksinasi dan pemberian bansos di gerai vaksin polres pelabuhan tanjun "
"329"," semoga yang menerima bansos terbantu  salam sukses pak kapolres taput"
"330","  aplikasi cek bansos buatan kalian kah gk salah itu harus pakai selfiektp ada gk jaminan data gk ba "
"331"," kan bansos yg  dia itu sampai maret"
"332","  ga perlu di ganti say yg menggantikan itu allah swt  dengan rezeki yg lebih banyak  aku "
"333","kapolda jatim lakukan peninjauan pelaksanaan vaksinasi dan pemberian bansos di gerai vaksin polres pelabuhan tanjun "
"334","bansos terbukti terbukti membantu masyarakat  bantuanbbmuntukrakyat bltbbmtepatsasaran subsiditepatsasaran "
"335"," iya yg k dias  biasa nya juga kalo dpt bansos suka ada misi kok"
"336","kapolda jatim lakukan peninjauan pelaksanaan vaksinasi dan pemberian bansos di gerai vaksin polres pelabuhan tanjun "
"337","tahun baru ada bansos lgi gak mmf gw kalo ada bansos bru semangat"
"338","   penyesuaian harga bbm dialihkan ke sektor produktif dan bansos yang lebih menguntungkan banyak pihak term"
"339","  cherry picking  memilih amp  menunjukkan data yg mendukung pendapat kita amp  mengabaikan yg ga sesuai atau nyomot sebagian"
"340","berbagi kasih penyaluran beras bansos polri polripresisi "
"341","cegah pemalakan yonif raider bjw kawal bansos korban gempa ke sasaran "
"342","kapolda jatim lakukan peninjauan pelaksanaan vaksinasi dan pemberian bansos di gerai vaksin polres pelabuhan tanjun "
"343"," bansos dapatnya cuan bro kalau kopid dapatnya pengasingan"
"344","      tukang rebut bansos emang begitu bantuan biasanya di"
"345","program bansos bbm terimakasih pemerintah atas blt bantuanbbmuntukrakyat bltbbmtepatsasaran subsiditepatsasaran "
"346","program bansos bbm terbukti dorong dan lindungi masyarakat kami mendukung penuh   bantuanbbmuntukrakyat "
"347","     kasihanilah dirimu sendiri wahai bani bansos  "
"348","   penyesuaian harga bbm dialihkan ke sektor produktif dan bansos yang lebih menguntungkan banyak"
"349"," gak usah lah posting begini kasihan rakyat yang gak kebagian saya aja dari awal adanya bansos gak "
"350","  program bansos bbm terbukti dorong dan lindungi konsumsi masyarakat "
"351","dah dari gacha ini udah dapet  b chiaki initial gk dapet b lain nunggu bansos free pull yg lain semoga dapet "
"352","polsek rkt memberikan bantuan bansos kepada warga yang sakit    "
"353","program bansos bbm terbukti dorong dan lindungi konsumsi masyarakat bantuanbbmuntukrakyat bltbbmtepatsasaran "
"354","babinsa ceper dampingi pendistribusian blt subsidi bbm   klaten  kebijakan pemerintah mengalihkan anggaran subsidi "
"355","hapiele lagi bagi bagi bansos"
"356"," nah bener banget brotha wkwkwk akhir tahun emng harusnya panen bansos dari award"
"357","login  cek daftar nama penerima bansos rp cair desember   "
"358","kapolda jatim lakukan peninjauan pelaksanaan vaksinasi dan pemberian bansos di gerai vaksin polres pelabuhan tanjun "
"359","bhabinkamtibmas bripka miki udayana beserta  babinsa serda wawan pengamanan penyaluran blt bantuan langsung tunai "
"360","  begitu bahagianya dapat uang yg cuma bs buat beli nasi padang satu bungkus pantesan ngotot dasar penikmat bansos"
"361","   penyesuaian harga bbm dialihkan ke sektor produktif dan bansos yang lebih menguntung "
"362"," ngakak lg bansos berupa skyspine apa ya"
"363","bansos blt bbm rp  triliun bisa tekan angka kemiskinan   bltbbmbantumasyarakat bansosbbmringankanrakyat "
"364","bansos blt bbm rp  triliun bisa tekan angka kemiskinan   bltbbmbantumasyarakat bansosbbmringankanrakyat "
"365","bansos blt bbm rp  triliun bisa tekan angka kemiskinan   bltbbmbantumasyarakat bansosbbmringankanrakyat "
"366","bansos blt bbm rp  triliun bisa tekan angka kemiskinan   bltbbmbantumasyarakat bansosbbmringankanrakyat "
"367","bansos blt bbm rp  triliun bisa tekan angka kemiskinan   bltbbmbantumasyarakat bansosbbmringankanrakyat "
"368","bansos blt bbm rp  triliun bisa tekan angka kemiskinan   bltbbmbantumasyarakat bansosbbmringankanrakyat "
"369","bansos blt bbm rp  triliun bisa tekan angka kemiskinan   bltbbmbantumasyarakat bansosbbmringankanrakyat "
"370","bansos blt bbm rp  triliun bisa tekan angka kemiskinan   bltbbmbantumasyarakat bansosbbmringankanrakyat "
"371","bansos blt bbm rp  triliun bisa tekan angka kemiskinan   bltbbmbantumasyarakat bansosbbmringankanrakyat "
"372","bansos blt bbm rp  triliun bisa tekan angka kemiskinan   bltbbmbantumasyarakat bansosbbmringankanrakyat "
"373","bansos blt bbm rp  triliun bisa tekan angka kemiskinan   bltbbmbantumasyarakat bansosbbmringankanrakyat "
"374","bansos blt bbm rp  triliun bisa tekan angka kemiskinan   bltbbmbantumasyarakat bansosbbmringankanrakyat "
"375"," cok pdkt berharap dikasih sesuatu lha iku niat pdkt ta niat golek bansos"
"376","bansos blt bbm rp  triliun bisa tekan angka kemiskinan   bltbbmbantumasyarakat bansosbbmringankanrakyat "
"377","bansos blt bbm rp  triliun bisa tekan angka kemiskinan   bltbbmbantumasyarakat bansosbbmringankanrakyat "
"378","bansos blt bbm rp  triliun bisa tekan angka kemiskinan   bltbbmbantumasyarakat bansosbbmringankanrakyat "
"379","program bansos bbm terbukti dorong dan lindungi konsumsi masyarakat  bantuanbbmuntukrakyat bltbbmtepatsasaran "
"380","bansos blt bbm rp  triliun bisa tekan angka kemiskinan   bltbbmbantumasyarakat bansosbbmringankanrakyat "
"381","bansos blt bbm rp  triliun bisa tekan angka kemiskinan   bltbbmbantumasyarakat bansosbbmringankanrakyat "
"382","bansos blt bbm rp  triliun bisa tekan angka kemiskinan   bltbbmbantumasyarakat bansosbbmringankanrakyat "
"383","bansos blt bbm rp  triliun bisa tekan angka kemiskinan   bltbbmbantumasyarakat bansosbbmringankanrakyat "
"384","bansos blt bbm rp  triliun bisa tekan angka kemiskinan   bltbbmbantumasyarakat bansosbbmringankanrakyat "
"385","   penyesuaian harga bbm dialihkan ke sektor produktif dan bansos yang lebih menguntungkan banyak pihak term"
"386","  penyesuaian harga bbm dialihkan ke sektor produktif dan bansos yang lebih menguntungkan banyak "
"387","program bansos bbm adanya pengalihan bbm guna lindungi masyarakat bantuanbbmuntukrakyat bltbbmtepatsasaran "
"388","kapolda jatim lakukan peninjauan pelaksanaan vaksinasi dan pemberian bansos di gerai vaksin polres pelabuhan tanjun "
"389","daftar  program bansos yang dikabarkan cair bulan desember   "
"390","   yaelah penikmat bansos juga ente noh orangnya dah dikerangkeng ape lagi "
"391","  ngentotngerokokmalingngebegalngerampoknyopetkorupsi dana bansos ngelakuin penambangan liar pembakara"
"392","bansos bbm sangat mampu menjaga daya beli masyarakat "
"393","kapolda jatim lakukan peninjauan pelaksanaan vaksinasi dan pemberian bansos di gerai vaksin polres pelabuhan tanjun "
"394","ini ma kebalik kaya gw yang dapet bansos "
"395","alhamdulillah masyarakat sudah terima bansos blt bltbbmbantumasyarakat bansosbbmringankanrakyat "
"396","bansos bbm sangat mampu menjaga daya beli masyarakat "
"397","bansos bencana di bangli tahap v  vi berproses  bansos berita nusabali bpbdbali"
"398","kapolda jatim lakukan peninjauan pelaksanaan vaksinasi dan pemberian bansos di gerai vaksin polres pelabuhan tanjun "
"399","bansos bbm dorong dan lindungi konsumsi  bantuanbbmuntukrakyat bltbbmtepatsasaran subsiditepatsasaran "
"400","  menang award kemaren juga belum ada tanda tanda bansos ya"
"401","bhabinkamtibmas laks giat sambang ke rumah warga yang sakit dan kurang mampu untuk memberikan bansos berupa sembako "
"402","gangarep kok cuman kyknya bansos  primo tuh bare minimum banget si "
"403","alhamdulillah masyarakat sudah terima bansos blt bltbbmbantumasyarakat bansosbbmringankanrakyat "
"404","   penyesuaian harga bbm dialihkan ke sektor produktif dan bansos yang lebih menguntungkan banyak"
"405","ajaibnya akun spt itu amanaman aja mirip pengurangan hukuman korupsi bansos ajaib "
"406","bansos bbm dorong dan lindungi konsumsi  bantuanbbmuntukrakyat bltbbmtepatsasaran subsiditepatsasaran "
"407","siswa spn polda jatim salurkan bansos kepada warga kurang mampu "
"408","  dibuka isine bansos"
"409"," tehe yg pas lantern rite kmaren tuh kok kita dpet bansos primo yah itu yg gara jenshin menang awards kah thankss "
"410"," kalo di tempatku yg dapet bansos dipotong k malem malem sama rtrw iya sama intruksi lurah"
"411","kapolda jatim lakukan peninjauan pelaksanaan vaksinasi dan pemberian bansos di gerai vaksin polres pelabuhan tanjun "
"412","pemdes cipacing salurkan bansos pkh bpnt dan blt bbm tiga hariberturutturut "
"413"," program bansos bbm terbukti dorong dan lindungi konsumsi masyarakat bantuanbbmuntukrakyat "
"414","polsek rkt polres prabumulih memberikan bansos kepada warga yang sakit     "
"415","program bansos bbm terbukti dorong dan lindungi konsumsi masyarakat bantuanbbmuntukrakyat bltbbmtepatsasaran "
"416","bansos bbm sangat membantu warga bantuanbbmuntukrakyat bltbbmtepatsasaran subsiditepatsasaran cerdaspakaibbm "
"417","bansos dalam bentuk perlindungan sosial diberikan cukup masif bantuanbbmuntukrakyat bltbbmtepatsasaran "
"418","kapolda jatim lakukan peninjauan pelaksanaan vaksinasi dan pemberian bansos di gerai vaksin polres pelabuhan tanjun "
"419","bansos bbm dorong dan lindungi konsumsi  bantuanbbmuntukrakyat bltbbmtepatsasaran subsiditepatsasaran "
"420","program bansos bbm terbukti dorong dan lindungi konsumsi masyarakat  bantuanbbmuntukrakyat bltbbmtepatsasaran "
"421","personel polres prabumulih memberikan bansos polres prabumulih polda sumsel   viral "
"422","hebat pemerintah telah salurkan bansos kepada komunitas adat terpencil di seluruh indonesia bantuanbbmuntukrakyat "
"423","penyaluran bansos tepat sasaran bantuanbbmuntukrakyat bltbbmtepatsasaran subsiditepatsasaran cerdaspakaibbm "
"424"," asek bansos"
"425","program bansos bbm tepat untuk rakyat indonesia "
"426"," pertahankan dik jangan lupa bansos"
"427","polsek rkt polres prabumulih memberikan bansos kepada warga yang sakit     "
"428","polsek rkt polres prabumulih memberikan bansos kepada warga yang sakit     "
"429","kamis  desember   kanit binmas polsek tuhemberua bripka candra panjaitan  menyerahkan tali asih bansos dari "
"430","kapolda jatim lakukan peninjauan pelaksanaan vaksinasi dan pemberian bansos di gerai vaksin polres pelabuhan tanjun "
"431","pemaksaan belanja menjadi dilema bagi keluarga penerima manfaat kpm bantuan sosial bansos   kpm "
"432","penjabat indonesia justeru rakus merampok dan memakan subsidi  bansos untuk rakyat  negara darurat  penjabat tidak "
"433","kapolda jatim lakukan peninjauan pelaksanaan vaksinasi dan pemberian bansos di gerai vaksin polres pelabuhan tanjun "
"434","kapolda jatim lakukan peninjauan pelaksanaan vaksinasi dan pemberian bansos di gerai vaksin polres pelabuhan tanjun "
"435","cara cek nama penerima bansos rp online lewat hp  "
"436"," hmmm kakean bansos ngene iki"
"437","dukung bansos bbm terbukti dorong dan lindungi konsumsi masyarakat   bantuanbbmuntukrakyat bltbbmtepatsasaran "
"438","program bansos bbm terbukti lindungi masyarakat bantuanbbmuntukrakyat bltbbmtepatsasaran subsiditepatsasaran "
"439","kamis  desember   bhabinkamtibmas polsek tuhemberua brigpol malco hutagalung  menyerahkan tali asih bansos "
"440"," kapolda jatim lakukan peninjauan pelaksanaan vaksinasi dan pemberian bansos di gerai vaksin polres pelabuhan tanjung pe"
"441"," kapolda jatim lakukan peninjauan pelaksanaan vaksinasi dan pemberian bansos di gerai vaksin polres pelabuhan tanjung perak"
"442","kapolda jatim lakukan peninjauan pelaksanaan vaksinasi dan pemberian bansos di gerai vaksin polres pelabuhan tanjun "
"443","bansos amiin bansos "
"444","kapolda jatim lakukan peninjauan pelaksanaan vaksinasi dan pemberian bansos di gerai vaksin polres pelabuhan tanjun "
"445","program bansos bbm untuk subsidi tepat sasaran bantuanbbmuntukrakyat bltbbmtepatsasaran subsiditepatsasaran "
"446","dips ada yang punya video lagi bansos gitu ga ya atau lagi jumat berkah"
"447","kapolda jatim lakukan peninjauan pelaksanaan vaksinasi dan pemberian bansos di gerai vaksin polres pelabuhan tanjun "
"448","program bansos bbm terbukti dorong dan lindungi konsumsi masyarakat bantuanbbmuntukrakyat bltbbmtepatsasaran "
"449","kapolda jatim lakukan peninjauan pelaksanaan vaksinasi dan pemberian bansos di gerai vaksin polres pelabuhan tanjun "
"450","program bansos blt lindungi konsumsi masyarakat bantuanbbmuntukrakyat bltbbmtepatsasaran subsiditepatsasaran "
"451","kamis  desember   bhabinkamtibmas polsek tuhemberua brigpol malco hutagalung  menyerahkan tali asih bansos "
"452","   tuh kebijakan dari pakde jokowi terkait bansosrupanya dah melebihi  t "
"453","program bansos bbm terbukti dorong dan lindungi masyarakat bantuanbbmuntukrakyat bltbbmtepatsasaran "
"454","min cara daftar bansos gimana ya "
"455","   penyesuaian harga bbm dialihkan ke sektor produktif dan bansos yang lebih menguntungkan banyak"
"456"," korupsi dana bansos"
"457","siswa spn polda jatim salurkan bansos kepada warga kurangmampu "
"458","kapolda jatim lakukan peninjauan pelaksanaan vaksinasi dan pemberian bansos di gerai vaksin polres pelabuhan tanjun "
"459","program bansos bbm terbukti dorong dan lindungi konsumsi masyarakat  bantuanbbmuntukrakyat bltbbmtepatsasaran "
"460","     cieee cieee yg takut ga dapat bansos wkwkkkk"
"461","berkat program bansos jokowi kegelisahan masyarakat imbas bbm naik terjawab sudah  keren bltbbmbantumasyarakat "
"462","terimakasih presiden jokowi bansos blt tepat sasaran  bantuanbbmuntukrakyat bltbbmtepatsasaran "
"463"," kapolda jatim lakukan peninjauan pelaksanaan vaksinasi dan pemberian bansos di gerai vaksin polres pelabuhan tanjung perak"
"464","kapolda jatim lakukan peninjauan pelaksanaan vaksinasi dan pemberian bansos di gerai vaksin polres pelabuhan tanjun "
"465","program penyaluran bansos kepada masyarakat sangat membantu bantuanbbmuntukrakyat bltbbmtepatsasaran "
"466"," kapolda jatim lakukan peninjauan pelaksanaan vaksinasi dan pemberian bansos di gerai vaksin polres pelabuhan tanjung perak"
"467","kapolda jatim lakukan peninjauan pelaksanaan vaksinasi dan pemberian bansos di gerai vaksin polres pelabuhan tanjun "
"468","bansos bbm sangat bermanfaat bagi seluruh rakyat indonesia bantuanbbmuntukrakyat bltbbmtepatsasaran "
"469","kapolda jatim lakukan peninjauan pelaksanaan vaksinasi dan pemberian bansos di gerai vaksin polres pelabuhan tanjun "
"470","audit bpk sebut kerugian bansos covid tembus rp miliar polda sulsel singgung calon tersangka "
"471","terimakasih pak presiden bansos bbm sangat membantu kami bantuanbbmuntukrakyat bltbbmtepatsasaran "
"472","bansos bbm sangat bermanfaat bagi seluruh rakyat indonesia bantuanbbmuntukrakyat bltbbmtepatsasaran "
"473"," bansos rp cair di kantor pos desember  login  cek penerima  h"
"474","    penyesuaian harga bbm dialihkan ke sektor produktif dan bansos yang lebih menguntung"
"475"," kantor pos cianjur rame ada pencairan bansospkhkks  gw masih kucel baru bangun tidur cuma cuci muka gosok gigi ga mand"
"476","program penyaluran bansos kepada masyarakat sangat membantu bantuanbbmuntukrakyat bltbbmtepatsasaran "
"477","   penyesuaian harga bbm dialihkan ke sektor produktif dan bansos yang lebih "
"478","   penyesuaian harga bbm dialihkan ke sektor produktif dan bansos yang lebih menguntungkan banyak"
"479","banyak bansos mendukung bbm bantuanbbmuntukrakyat bltbbmtepatsasaran subsiditepatsasaran cerdaspakaibbm "
"480","program penyaluran bansos kepada masyarakat sangat membantu bantuanbbmuntukrakyat bltbbmtepatsasaran "
"481"," kan wktu pandemik haruse pemda menyalurkan bansos tp malah disuruh jimpitan warga "
"482"," kalau maling bansos tuk partai madam bansos gimana sin apa hukuman nya"
"483","kapolsek momunu ipda sudarmono bersama bhabinkamtibmas polsek momunu melaksanakan pemberian bantuan beras bansos di "
"484","kapolda jatim lakukan peninjauan pelaksanaan vaksinasi dan pemberian bansos di gerai vaksin polres pelabuhan tanjun "
"485","bansos bbm dorong geliat ekonomi masyarakat bantuanbbmuntukrakyat bltbbmtepatsasaran subsiditepatsasaran "
"486","program penyaluran bansos kepada masyarakat sangat membantu bantuanbbmuntukrakyat bltbbmtepatsasaran "
"487","   penyesuaian harga bbm dialihkan ke sektor produktif dan bansos yang lebih menguntungkan banyak"
"488","kapolda jatim lakukan peninjauan pelaksanaan vaksinasi dan pemberian bansos di gerai vaksin polres pelabuhan tanjun "
"489","  penyesuaian harga bbm dialihkan ke sektor produktif dan bansos yang lebih menguntungkan "
"490","bansos dikenai pungli dimana hati nuraninya sejatinya dijadikan pengurus untuk apa mengurus dompet pribadi denga "
"491","pemerintah telah salurkan bansos rp  m bantuanbbmuntukrakyat bltbbmtepatsasaran subsiditepatsasaran "
"492","mantap program bansos bbm terbukti dorong dan lindungi ko sumsi masyarakat bantuanbbmuntukrakyat "
"493","kapolsek momunu ipda sudarmono bersama bhabinkamtibmas polsek momunu melaksanakan pemberian bantuan beras bansos di "
"494","  yg loe inget cuma hambalang bong  bansos harun masiku inget gak bong "
"495","program penyaluran bansos kepada masyarakat sangat membantu bantuanbbmuntukrakyat bltbbmtepatsasaran "
"496","program bansos bbm terbukti dorong dan lindungi konsumsi masyarakat bantuanbbmuntukrakyat bltbbmtepatsasaran "
"497","kapolda jatim lakukan peninjauan pelaksanaan vaksinasi dan pemberian bansos di gerai vaksin polres pelabuhan tanjun "
"498","mantap program bansos bbm terbukti dorong dan lindungi konsumsi msyrkat bantuanbbmuntukrakyat bltbbmtepatsasaran "
"499"," kapolda jatim lakukan peninjauan pelaksanaan vaksinasi dan pemberian bansos di gerai vaksin polres pelabuhan tanjung pe"
"500","kapolda jatim lakukan peninjauan pelaksanaan vaksinasi dan pemberian bansos di gerai vaksin polres pelabuhan tanjun "
"501","bansos bbm sangat membantu warga bantuanbbmuntukrakyat bltbbmtepatsasaran subsiditepatsasaran cerdaspakaibbm "
"502","kapolda jatim lakukan peninjauan pelaksanaan vaksinasi dan pemberian bansos di gerai vaksin polres pelabuhan tanjun "
"503","program bansos bbm terbukti dorong dan lindungi konsumsi masyarakat bantuanbbmuntukrakyat bltbbmtepatsasaran "
"504"," kurang bansos"
"505","hingga akhir november  pemerintah telah salurkan bansos rp  miliar bantuanbbmuntukrakyat "
"506","atasi pemalakan yonif raider bjw kawal distribusi bansos korban gempa ke sasaran "
"507","giat bansos bhabinkamtibmas polsek batibati polres tanah laut bripka isonny sugara kepada masyarakat desa kaitkai "
"508"," lu lihat di bong ngga kaya menteri mukidi bansos diembat"
"509","menu bansos hari ini nasgor ganyu  "
"510","program bansos bbm terbukti dorong dan lindungi konsumsi bantuanbbmuntukrakyat bltbbmtepatsasaran "
"511"," krn yg kmrn blm dpt bansos smg nnti bansosnya dobel"
"512","bisa dapat bsu  kali simak ketentuan dan cara cek penerima di sini  bsu bsu "
"513","pada hari kamis tanggal  desember  bhabinkamtibmas polsek onanrunggu melaksanakan kegiatan pembagian bansos b "
"514","program bansos bbm terbukti dorong dan lindungi konsumsi masyarakat bantuanbbmuntukrakyat bltbbmtepatsasaran "
"515","kapolda jatim lakukan peninjauan pelaksanaan vaksinasi dan pemberian bansos di gerai vaksin polres pelabuhan tanjun "
"516","kapolda jatim lakukan peninjauan pelaksanaan vaksinasi dan pemberian bansos di gerai vaksin polres pelabuhan tanjun "
"517","kapolda jatim lakukan peninjauan pelaksanaan vaksinasi dan pemberian bansos di gerai vaksin polres pelabuhan tanjun "
"518"," kapolda jatim lakukan peninjauan pelaksanaan vaksinasi dan pemberian bansos di gerai vaksin polres pelabuhan tanjung p"
"519","kapolda jatim lakukan peninjauan pelaksanaan vaksinasi dan pemberian bansos di gerai vaksin polres pelabuhan tanjun "
"520"," menang award kemaren juga belum ada tanda tanda bansos ya"
"521","  kan yang penting aku gak borong barang bansos "
"522","cara cek daftar penerima bansos kemensos dan bsu desember  cukup siapkan hp dan ktp  "
"523"," babinsa panggangsari monitor pembagian bansos   kegiatan  koramil losari "
"524"," program anis itu cuma bansos ormas aja yg terealisasiselebihnya nol"
"525"," babinsa panggangsari monitor pembagian bansos   kegiatan  koramil losari "
"526"," babinsa panggangsari monitor pembagian bansos   kegiatan  koramil losari "
"527","kanit intelkam ipda rizlan monitoring pembagian bansosblt dan bbm dari pihak kantor pos di mako polsek kualuh hilit "
"528","      tukang rebut bansos emang begitu bantuan biasanya di"
"529","siswa spn polda jatim salurkan bansos kepada warga kurangmampu "
"530","  nggak itu cuma judul aja faktanya bansos utk keluarga miskin yg punya tanah tapi tak punya ru "
"531","kapolda jatim lakukan peninjauan pelaksanaan vaksinasi dan pemberian bansos di gerai vaksin polres pelabuhan tanjun "
"532","kapolsek cilawu di dampingi kanit sabhara dan kepala desa sukamukti melaksanakan monitoring kegiatan penyaluran ban "
"533","giat bansos talikasih untuk warga yang memiliki keterbatasan yang dilakukan oleh kapolsek babat supat iptu widya bh "
"534","     tukang rebut bansos emang begitu bantuan biasa "
"535","giat bansos untuk warga yang membutuhkan dipimpin oleh kapolsek babat supat iptu widya bhakti dira strk bersama p "
"536","aaaaa aku khilaf lagi buang es koin buat koga xd  sm resos sih  tp lg musim bansos moga b tour ga kekurangan kek kemarin qwq"
"537","giat bansos untuk warga desa tj kerang yang dilakukan oleh kapolsek babat supat iptu widya bhakti dira strk bersa "
"538","program bansos bbm terbukti dorong dan lindungi konsumsi masyarakat bantuanbbmuntukrakyat bltbbmtepatsasaran "
"539","program bansos bbm terbukti dorong dan lindungi konsumsi masyarakat bantuanbbmuntukrakyat bltbbmtepatsasaran "
"540","kapolda jatim lakukan peninjauan pelaksanaan vaksinasi dan pemberian bansos di gerai vaksin polres pelabuhan tanjun "
"541","program bansos bbm terbukti dorong dan lindungi konsumsi masyarakat bantuanbbmuntukrakyat bltbbmtepatsasaran "
"542","kapolda jatim lakukan peninjauan pelaksanaan vaksinasi dan pemberian bansos di gerai vaksin polres pelabuhan tanjun "
"543"," quick respon personel satbrimob polda aceh membantu masyarakat yang terdampak banjir dan penyaluran bansos di aceh tamiang"
"544","kapolda jatim lakukan peninjauan pelaksanaan vaksinasi dan pemberian bansos di gerai vaksin polres pelabuhan tanjun "
"545","bhabinkamtibmas aipda d silitonga menyalurkan bansos sembako dari presiden ri ir joko widodo kepada keluarga kura "
"546"," ohh iya bansos"
"547","kapolda jatim lakukan peninjauan pelaksanaan vaksinasi dan pemberian bansos di gerai vaksin polres pelabuhan tanjun "
"548"," hepiele ngasih bansos setengah setengah"
"549"," quick respon personel satbrimob polda aceh membantu masyarakat yang terdampak banjir dan penyaluran bansos di aceh tamiang"
"550","rw tak tau malau bukanya membantu meringankan warga yg kurang mampu ini mah malah mengejar mengejar warga yang mena "
"551","lu lihat di bong ngga kaya menteri mukidi bansos diembat "
"552","pendistribusian bansos oleh tim healing polres kuningan "
"553","harga telur ayam melambung hingga rpkg garagara bansos "
"554","kapolda jatim lakukan peninjauan pelaksanaan vaksinasi dan pemberian bansos di gerai vaksin polres pelabuhan tanjun "
"555","program bansos bbm terbukti dorong dan lindungi konsumsi masyarakat  bantuanbbmuntukrakyat bltbbmtepatsasaran "
"556","program bansos terbukti dorong dan lindungi konsumsi masyarakat bantuanbbmuntukrakyat bltbbmtepatsasaran "
"557","program bansos bbm terbukti dorong dan lindungi konsumsi masyarakat  bantuanbbmuntukrakyat bltbbmtepatsasaran "
"558","program bansos bbm terbukti dorong dan lindungi konsumsi masyarakat  bantuanbbmuntukrakyat bltbbmtepatsasaran "
"559","program bansos bbm terbukti dorong dan lindungi konsumsi masyarakat  bantuanbbmuntukrakyat bltbbmtepatsasaran "
"560","program bansos bbm terbukti dorong dan lindungi konsumsi masyarakat  bantuanbbmuntukrakyat bltbbmtepatsasaran "
"561","kapolda jatim lakukan peninjauan pelaksanaan vaksinasi dan pemberian bansos di gerai vaksin polres pelabuhan tanjun "
"562","cara daftar jadi penerima bansos dki jakarta yang dibuka pada bulan desember   "
"563","giat sambang dan menyampaikan pesan kamtibmas kepada warga binaan dalam rangka penyaluran dana bansos bpnt desa sin "
"564","dapet bansos ga nih "
"565"," perasaan kemarin yang menang gak dapet bansos wkwkwk"
"566","bansos bbm ringankan rakyat bantuanbbmuntukrakyat bltbbmtepatsasaran subsiditepatsasaran cerdaspakaibbm "
"567","pemdes nyalindung salurkan  bansos blt bbm danbpnt "
"568","kapolda jatim lakukan peninjauan pelaksanaan vaksinasi dan pemberian bansos di gerai vaksin polres pelabuhan tanjun "
"569","kapolda jatim lakukan peninjauan pelaksanaan vaksinasi dan pemberian bansos di gerai vaksin polres pelabuhan tanjun "
"570"," ges yang kemaren menang award aja gaada bansos kenapa kalian masih ngarep yg ini dapet bansos "
"571","kapolda jatim lakukan peninjauan pelaksanaan vaksinasi dan pemberian bansos di gerai vaksin polres pelabuhan tanjun "
"572","kapolda jatim lakukan peninjauan pelaksanaan vaksinasi dan pemberian bansos di gerai vaksin polres pelabuhan tanjun "
"573","kapolda jatim lakukan peninjauan pelaksanaan vaksinasi dan pemberian bansos di gerai vaksin polres pelabuhan tanjun "
"574"," kapolda jatim lakukan peninjauan pelaksanaan vaksinasi dan pemberian bansos di gerai vaksin polres pelabuhan tanjung p"
"575","referensi  sumber foto  sumber  sumber  "
"576","blt bbm rp ribu sudah cair di  provinsi ini bersamaan dengan bansos pkh dan bpnt cek daftar penerimanya "
"577","melansir dari  tak tanggungtanggung bapak juliari diduga meraup untung dari dana bansos s "
"578","kapolda jatim lakukan peninjauan pelaksanaan vaksinasi dan pemberian bansos di gerai vaksin polres pelabuhan tanjun "
"579","ratusan warga desa sukamulya pangatikan garut datangi balai desa untuk dapatkan bansos  via  "
"580","kapolda jatim lakukan peninjauan pelaksanaan vaksinasi dan pemberian bansos di gerai vaksin polres pelabuhan tanjun "
"581","jangan kasih bansos yang pakai bensin non subsidi  "
"582"," ayo bansos biar ky game sebelah"
"583"," asaan lantern rite emang selalu ngasih bansos"
"584","kapolda jatim lakukan peninjauan pelaksanaan vaksinasi dan pemberian bansos di gerai vaksin polres pelabuhan tanjun "
"585","kapolres pangandaran melalui kapolsek langkaplancar laks giat optimalisasi pelayanan publik  pengawalan dan penyal "
"586","kapolda jatim lakukan peninjauan pelaksanaan vaksinasi dan pemberian bansos di gerai vaksin polres pelabuhan tanjun "
"587","kapolda jatim lakukan peninjauan pelaksanaan vaksinasi dan pemberian bansos di gerai vaksin polres pelabuhan tanjun "
"588"," kapolres pacitan gelar trabas dalam rangka patroli kamtibmas dan pembagian bansos kepada warga kurang mampu di wilayah k"
"589"," korupsi bansos "
"590","kegiatan kapolsek cipeundeuy akp kustiawan spd mm chra kontrol ke kantor pos bersama anggota mengamankan da "
"591","kapolda jatim lakukan peninjauan pelaksanaan vaksinasi dan pemberian bansos di gerai vaksin polres pelabuhan tanjun "
"592"," ada bansos bulanan di shop wkwk "
"593"," ini tukang survey yang sama yang bilang bansos kemensos tepat sasaran terus gak lama kemudian mensos dicokok kpk"
"594","sebagai bentuk pelayanan kepada masyarakat polri khususnya polsek siantar selatan melaksanakan giat penyerahan ban "
"595"," aku blm login tpi mksutny bansos apa yh"
"596","bhabinkamtibmas polsek langensari bripka andri sulistianto memberikan bantuan sosial  bansos  berupa sembako kepa "
"597"," bansos ini dipastikan cair pada desember  di antaranya pkh dan blt bbm apakah namamu terdaftar sebagai pene "
"598","uwooooogh nunggu bansos gbf"
"599","cara daftar akun di aplikasi cek bansos untuk dapat bansos yang cair hingga akhir tahun   "
"600","kapolda jatim lakukan peninjauan pelaksanaan vaksinasi dan pemberian bansos di gerai vaksin polres pelabuhan tanjun "
"601","aipda nurdin s bhabinkamtibmas desa wantilan melaksanakan pengamanan dan pendampingan penyaluran dana bansos blt bb "
"602","          mant "
"603","bhabinkamtibmas polsek langensari aipda edi kandayatno sh memberikan bantuan sosial  bansos  berupa sembako ke "
"604","kapolda jatim lakukan peninjauan pelaksanaan vaksinasi dan pemberian bansos di gerai vaksin polres pelabuhan tanjun "
"605","kapolda jatim lakukan peninjauan pelaksanaan vaksinasi dan pemberian bansos di gerai vaksin polres pelabuhan tanjun "
"606","kapolda jatim lakukan peninjauan pelaksanaan vaksinasi dan pemberian bansos di gerai vaksin polres pelabuhan tanjun "
"607","  buat bancakan para pejabat pembuat keputusan dan para pemegang program dan proyek pembang "
"608","kapolda jatim lakukan peninjauan pelaksanaan vaksinasi dan pemberian bansos di gerai vaksin polres pelabuhan tanjun "
"609","kapolda jatim lakukan peninjauan pelaksanaan vaksinasi dan pemberian bansos di gerai vaksin polres pelabuhan tanjun "
"610","kapolda jatim lakukan peninjauan pelaksanaan vaksinasi dan pemberian bansos di gerai vaksin polres pelabuhan tanjun "
"611","kegiatan penyerahan bansos berupa beras dan sembako kepada warga kel toba langsung diserahkan oleh kapolsek siant "
"612","kapolda jatim lakukan peninjauan pelaksanaan vaksinasi dan pemberian bansos di gerai vaksin polres pelabuhan tanjun "
"613","kapolda jatim lakukan peninjauan pelaksanaan vaksinasi dan pemberian bansos di gerai vaksin polres pelabuhan tanjun "
"614","kapolda jatim lakukan peninjauan pelaksanaan vaksinasi dan pemberian bansos di gerai vaksin polres pelabuhan tanjun "
"615","enstarie dihari natal dapet bansos kamen rider fans dihari natal dapet suprise dari yuya takahashi"
"616","kapolda jatim lakukan peninjauan pelaksanaan vaksinasi dan pemberian bansos di gerai vaksin polres pelabuhan tanjun "
"617"," di hari yang penuh berkah ini polsek palaran bersama dengan siswa latja dari spn polda kaltim menyalurkan bantuan sosial b"
"618","pemberian bansos kepada masyarakat yg kurang mampu disabilitas  dilaksanakan oleh siswa latja spn hinai "
"619","kapolda jatim lakukan peninjauan pelaksanaan vaksinasi dan pemberian bansos di gerai vaksin polres pelabuhan tanjun "
"620","kapolda jatim lakukan peninjauan pelaksanaan vaksinasi dan pemberian bansos di gerai vaksin polres pelabuhan tanjun "
"621","kapolda jatim lakukan peninjauan pelaksanaan vaksinasi dan pemberian bansos di gerai vaksin polres pelabuhan tanjun "
"622","day   rb tapi day  malah  rb  hepiele mabok kebanyakan ngasih bansos"
"623","kapolda jatim lakukan peninjauan pelaksanaan vaksinasi dan pemberian bansos di gerai vaksin polres pelabuhan tanjun "
"624","kapolda jatim lakukan peninjauan pelaksanaan vaksinasi dan pemberian bansos di gerai vaksin polres pelabuhan tanjun "
"625","masih tentang pendistribusian bansos kemensos polripresisi quickwinspresisi "
"626"," org indonesia paling tdk takut covidwalau ditakuti sdmikian rupatakut kluar rmh krn takut polisitmp re "
"627"," mungkin cuma di desaku pemerintah daerahnya menganggap bahwa blt bansos pkh dan bantuan lainnya adalah bentuk rejeki si"
"628","kapolda jatim lakukan peninjauan pelaksanaan vaksinasi dan pemberian bansos di gerai vaksin polres pelabuhan tanjun "
"629"," polda kaltim berbagi   kunjungi terminal peti kemas kariangau kapolda kaltim bagikan  paket bansos pada buruh termina"
"630"," trs pripun niki tanggapane pak  sama pemimpin di desa kami yg pungli bansos sampe  "
"631"," polda kaltim berbagi   kunjungi terminal peti kemas kariangau kapolda kaltim bagikan  paket bansos pada buruh termina"
"632","kapolda jatim lakukan peninjauan pelaksanaan vaksinasi dan pemberian bansos di gerai vaksin polres pelabuhan tanjun "
"633","mana ni bansosnya kmrn juga menang award kaga dikasih bansos "
"634"," yeeeyyy slamat hoyovers slamat genshiin   ehem kami tunggu bansos primogemnya ya "
"635","kapolda jatim lakukan peninjauan pelaksanaan vaksinasi dan pemberian bansos di gerai vaksin polres pelabuhan tanjun "
"636","kapolda jatim lakukan peninjauan pelaksanaan vaksinasi dan pemberian bansos di gerai vaksin polres pelabuhan tanjun "
"637","sudah diverifikasi kapolda jatim lakukan peninjauan pelaksanaan vaksinasi dan pemberian bansos di gerai vaksin polr "
"638"," polda kaltim berbagi   kunjungi terminal peti kemas kariangau kapolda kaltim bagikan  paket bansos pada buruh termina"
"639"," polda kaltim berbagi   kunjungi terminal peti kemas kariangau kapolda kaltim bagikan  paket bansos pada buruh termina"
"640"," polda kaltim berbagi   kunjungi terminal peti kemas kariangau kapolda kaltim bagikan  paket bansos pada buruh termina"
"641"," polda kaltim berbagi   kunjungi terminal peti kemas kariangau kapolda kaltim bagikan  paket bansos pada buruh termina"
"642"," polda kaltim berbagi   kunjungi terminal peti kemas kariangau kapolda kaltim bagikan  paket bansos pada buruh termina"
"643"," polda kaltim berbagi   kunjungi terminal peti kemas kariangau kapolda kaltim bagikan  paket bansos pada buruh termina"
"644"," polda kaltim berbagi   kunjungi terminal peti kemas kariangau kapolda kaltim bagikan  paket bansos pada buruh termina"
"645"," polda kaltim berbagi   kunjungi terminal peti kemas kariangau kapolda kaltim bagikan  paket bansos pada buruh termina"
"646"," polda kaltim berbagi   kunjungi terminal peti kemas kariangau kapolda kaltim bagikan  paket bansos pada buruh termina"
"647"," polda kaltim berbagi   kunjungi terminal peti kemas kariangau kapolda kaltim bagikan  paket bansos pada buruh termina"
"648"," polda kaltim berbagi   kunjungi terminal peti kemas kariangau kapolda kaltim bagikan  paket bansos pada buruh termina"
"649"," polda kaltim berbagi   kunjungi terminal peti kemas kariangau kapolda kaltim bagikan  paket bansos pada buruh termina"
"650"," polda kaltim berbagi   kunjungi terminal peti kemas kariangau kapolda kaltim bagikan  paket bansos pada buruh termina"
"651","kapolda jatim lakukan peninjauan pelaksanaan vaksinasi dan pemberian bansos di gerai vaksin polres pelabuhan tanjun "
"652"," polda kaltim berbagi   kunjungi terminal peti kemas kariangau kapolda kaltim bagikan  paket bansos pada buruh termina"
"653"," polda kaltim berbagi   kunjungi terminal peti kemas kariangau kapolda kaltim bagikan  paket bansos pada buruh termina"
"654","kapolda jatim lakukan peninjauan pelaksanaan vaksinasi dan pemberian bansos di gerai vaksin polres pelabuhan tanjun "
"655"," polda kaltim berbagi   kunjungi terminal peti kemas kariangau kapolda kaltim bagikan  paket bansos pada buruh termina"
"656"," bansos kemaren aja belom dikirim"
"657","kapolda jatim lakukan peninjauan pelaksanaan vaksinasi dan pemberian bansos di gerai vaksin polres pelabuhan tanjun "
"658"," di hari yang penuh berkah ini polsek palaran bersama dengan siswa latja dari spn polda kaltim menyalurkan bantuan sosial b"
"659"," di hari yang penuh berkah ini polsek palaran bersama dengan siswa latja dari spn polda kaltim menyalurkan bantuan sosial b"
"660"," bansos lagi otw"
"661","kapolda jatim lakukan peninjauan pelaksanaan vaksinasi dan pemberian bansos di gerai vaksin polres pelabuhan tanjun "
"662"," polda kaltim berbagi   kunjungi terminal peti kemas kariangau kapolda kaltim bagikan  paket bansos pada buruh termina"
"663","bhabinkamtibmas kelsendangguwo aipda dody eko s sh melaksanakan pengamanan pembagian kartu undangan untuk pembag "
"664","bansos untuk masyarakat cianjur binresponcepatbencanaalam binpedulikorbanbencana binturutberdukagempacianjur "
"665","kapolda jatim lakukan peninjauan pelaksanaan vaksinasi dan pemberian bansos di gerai vaksin polres pelabuhan tanjun "
"666"," polda kaltim berbagi   kunjungi terminal peti kemas kariangau kapolda kaltim bagikan  paket bansos pada buruh termina"
"667","kapolda jatim lakukan peninjauan pelaksanaan vaksinasi dan pemberian bansos di gerai vaksin polres pelabuhan tanjun "
"668"," di hari yang penuh berkah ini polsek palaran bersama dengan siswa latja dari spn polda kaltim menyalurkan bantuan sosial b"
"669","berikan bansos kepelosok cianjur binresponcepatbencanaalam binpedulikorbanbencana binturutberdukagempacianjur "
"670"," polda kaltim berbagi   kunjungi terminal peti kemas kariangau kapolda kaltim bagikan  paket bansos pada buruh termina"
"671"," polda kaltim berbagi   kunjungi terminal peti kemas kariangau kapolda kaltim bagikan  paket bansos pada buruh termina"
"672","cek penerima bansos rp online pakai hp dan ktp  "
"673","kapolda jatim lakukan peninjauan pelaksanaan vaksinasi dan pemberian bansos di gerai vaksin polres pelabuhan tanjun "
"674","kapolda jatim lakukan peninjauan pelaksanaan vaksinasi dan pemberian bansos di gerai vaksin polres pelabuhan tanjun "
"675"," polda kaltim berbagi   kunjungi terminal peti kemas kariangau kapolda kaltim bagikan  paket bansos pada buruh termina"
"676"," polda kaltim berbagi   kunjungi terminal peti kemas kariangau kapolda kaltim bagikan  paket bansos pada buruh termina"
"677"," polda kaltim berbagi   kunjungi terminal peti kemas kariangau kapolda kaltim bagikan  paket bansos pada buruh termina"
"678"," polda kaltim berbagi   kunjungi terminal peti kemas kariangau kapolda kaltim bagikan  paket bansos pada buruh termina"
"679"," polda kaltim berbagi   kunjungi terminal peti kemas kariangau kapolda kaltim bagikan  paket bansos pada buruh termina"
"680","kapolda jatim lakukan peninjauan pelaksanaan vaksinasi dan pemberian bansos di gerai vaksin polres pelabuhan tanjun "
"681","kapolda jatim lakukan peninjauan pelaksanaan vaksinasi dan pemberian bansos di gerai vaksin polres pelabuhan tanjun "
"682"," polda kaltim berbagi   kunjungi terminal peti kemas kariangau kapolda kaltim bagikan  paket bansos pada buruh termina"
"683"," polda kaltim berbagi   kunjungi terminal peti kemas kariangau kapolda kaltim bagikan  paket bansos pada buruh termina"
"684"," polda kaltim berbagi   kunjungi terminal peti kemas kariangau kapolda kaltim bagikan  paket bansos pada buruh termina"
"685","kapolda jatim lakukan peninjauan pelaksanaan vaksinasi dan pemberian bansos di gerai vaksin polres pelabuhan tanjun "
"686"," polda kaltim berbagi   kunjungi terminal peti kemas kariangau kapolda kaltim bagikan  paket bansos pada buruh termina"
"687"," polda kaltim berbagi   kunjungi terminal peti kemas kariangau kapolda kaltim bagikan  paket bansos pada buruh termina"
"688"," polda kaltim berbagi   kunjungi terminal peti kemas kariangau kapolda kaltim bagikan  paket bansos pada buruh termina"
"689"," polda kaltim berbagi   kunjungi terminal peti kemas kariangau kapolda kaltim bagikan  paket bansos pada buruh termina"
"690","kapolda jatim lakukan peninjauan pelaksanaan vaksinasi dan pemberian bansos di gerai vaksin polres pelabuhan tanjun "
"691","kapolda jatim lakukan peninjauan pelaksanaan vaksinasi dan pemberian bansos di gerai vaksin polres pelabuhan tanjun "
"692","kapolda jatim lakukan peninjauan pelaksanaan vaksinasi dan pemberian bansos di gerai vaksin polres pelabuhan tanjun "
"693"," siang admin mau tanya terkait bansos saya mau daftar usulan sudah isi data lengkap di aplikasi cek ba "
"694","kapolda jatim lakukan peninjauan pelaksanaan vaksinasi dan pemberian bansos di gerai vaksin polres pelabuhan tanjun "
"695","polsek senapelan polresta pekanbaru berikan bansos kepada warga yang membutuhkan di kec senapelan "
"696","giat bansos pada hari rabu tgl  desember   personil polsek muara badak polres bontang memberikan bantuan beru "
"697","polsek payung sekaki dan bhabinkamtibmas kel tirtasiak melaksanakan sambang kerumah warga yang dalam keadaan sakit "
"698","kapolda jatim lakukan peninjauan pelaksanaan vaksinasi dan pemberian bansos di gerai vaksin polres pelabuhan tanjun "
"699","kapolda jatim lakukan peninjauan pelaksanaan vaksinasi dan pemberian bansos di gerai vaksin polres pelabuhan tanjun "
"700","   padahal dia antre bansos paling depan"
"701","kapolda jatim lakukan peninjauan pelaksanaan vaksinasi dan pemberian bansos di gerai vaksin polres pelabuhan tanjun "
"702"," bansos nya banyakin dong hoyo"
"703","selasa  november  kegiatan pemberian bansos bahan pokok dari mahatmia bali "
"704"," jgn ekspektasi guys itu us play store klo cuma di us buat apa di server lain dpt bansos"
"705","kapolda jatim lakukan peninjauan pelaksanaan vaksinasi dan pemberian bansos di gerai vaksin polres pelabuhan tanjun "
"706","lanjut  inilah rincian bansos dari negara yang rampung desember     lewat "
"707","kapolda jatim lakukan peninjauan pelaksanaan vaksinasi dan pemberian bansos di gerai vaksin polres pelabuhan tanjun "
"708","kapolda jatim lakukan peninjauan pelaksanaan vaksinasi dan pemberian bansos di gerai vaksin polres pelabuhan tanjun "
"709","kapolda jatim lakukan peninjauan pelaksanaan vaksinasi dan pemberian bansos di gerai vaksin polres pelabuhan tanjun "
"710","kapolda jatim lakukan peninjauan pelaksanaan vaksinasi dan pemberian bansos di gerai vaksin polres pelabuhan tanjun "
"711","kapolda jatim lakukan peninjauan pelaksanaan vaksinasi dan pemberian bansos di gerai vaksin polres pelabuhan tanjun "
"712","bansos kepanti asuhan "
"713","     klo ga gitu dia ga dapat bansos biar sj kasihan ntar kelafarhaann "
"714","kapolda jatim lakukan peninjauan pelaksanaan vaksinasi dan pemberian bansos di gerai vaksin polres pelabuhan tanjun "
"715","kapolda jatim lakukan peninjauan pelaksanaan vaksinasi dan pemberian bansos di gerai vaksin polres pelabuhan tanjun "
"716","kapolda jatim lakukan peninjauan pelaksanaan vaksinasi dan pemberian bansos di gerai vaksin polres pelabuhan tanjun "
"717","kapolda jatim lakukan peninjauan pelaksanaan vaksinasi dan pemberian bansos di gerai vaksin polres pelabuhan tanjun "
"718","bhabinkamtibmas polsek majalengka monitoring penyaluran bansos "
"719","daftar nama penerima bansos pkh tahap  ada di link ini cek sekarang online via hp agar dapat blt "
"720","kapolda jatim lakukan peninjauan pelaksanaan vaksinasi dan pemberian bansos di gerai vaksin polres pelabuhan tanjun "
"721","kapolda jatim lakukan peninjauan pelaksanaan vaksinasi dan pemberian bansos di gerai vaksin polres pelabuhan tanjun "
"722","kapolda jatim lakukan peninjauan pelaksanaan vaksinasi dan pemberian bansos di gerai vaksin polres pelabuhan tanjun "
"723"," ehehe dapet bansos ga ya"
"724","kapolda jatim lakukan peninjauan pelaksanaan vaksinasi dan pemberian bansos di gerai vaksin polres pelabuhan tanjun "
"725","kapolda jatim lakukan peninjauan pelaksanaan vaksinasi dan pemberian bansos di gerai vaksin polres pelabuhan tanjun "
"726","kapolda jatim lakukan peninjauan pelaksanaan vaksinasi dan pemberian bansos di gerai vaksin polres pelabuhan tanjun "
"727"," tertotal kemarin aku x pull x free dari misi tour x dari bansos login  cm dpt b  b  yg ba "
"728"," di konoha bansos aja diembat "
"729"," pspspsp bansos"
"730","kapolda jatim lakukan peninjauan pelaksanaan vaksinasi dan pemberian bansos di gerai vaksin polres pelabuhan tanjun "
"731","kapolda jatim lakukan peninjauan pelaksanaan vaksinasi dan pemberian bansos di gerai vaksin polres pelabuhan tanjun "
"732","  cherry picking  memilih amp  menunjukkan data yg mendukung pendapat kita amp  mengabaikan yg ga sesuai atau nyomot sebagian"
"733","kapolda jatim lakukan peninjauan pelaksanaan vaksinasi dan pemberian bansos di gerai vaksin polres pelabuhan tanjun "
"734","  bru juga apa gk ada yg bisa koment positifgerombolan rampok bansoskbykan mkn uan "
"735","kapolda jatim lakukan peninjauan pelaksanaan vaksinasi dan pemberian bansos di gerai vaksin polres pelabuhan tanjun "
"736","kapolda jatim lakukan peninjauan pelaksanaan vaksinasi dan pemberian bansos di gerai vaksin polres pelabuhan tanjun "
"737","ipda sendy ariesta sh kanit binmas polsek pinang monitoring pengamanan kegiatan penyaluran bansos bbm sambako dan "
"738","kapolda jatim lakukan peninjauan pelaksanaan vaksinasi dan pemberian bansos di gerai vaksin polres pelabuhan tanjun "
"739","kapolda jatim lakukan peninjauan pelaksanaan vaksinasi dan pemberian bansos di gerai vaksin polres pelabuhan tanjun "
"740"," kak mohon informasinya saya sedang melakukan pendaftaran dtks melali app cek bansos setelah dibuat sy "
"741","  brrti tiap lantern dpet bansos kah januari depan jg thanks"
"742"," nyam bansos "
"743"," nyam bansos"
"744","kemarin penyaluran bansos hingga bbm satu harga "
"745","kapolda jatim lakukan peninjauan pelaksanaan vaksinasi dan pemberian bansos di gerai vaksin polres pelabuhan tanjun "
"746","kapolda jatim lakukan peninjauan pelaksanaan vaksinasi dan pemberian bansos di gerai vaksin polres pelabuhan tanjun "
"747"," gimana ini pak yang punya pajero dapet bansos asa teu pantes "
"748","kapolda jatim lakukan peninjauan pelaksanaan vaksinasi dan pemberian bansos di gerai vaksin polres pelabuhan tanjun "
"749","kapolda jatim lakukan peninjauan pelaksanaan vaksinasi dan pemberian bansos di gerai vaksin polres pelabuhan tanjun "
"750","kapolda jatim lakukan peninjauan pelaksanaan vaksinasi dan pemberian bansos di gerai vaksin polres pelabuhan tanjun "
"751","kapolda jatim lakukan peninjauan pelaksanaan vaksinasi dan pemberian bansos di gerai vaksin polres pelabuhan tanjun "
"752","kapolda jatim lakukan peninjauan pelaksanaan vaksinasi dan pemberian bansos di gerai vaksin polres pelabuhan tanjun "
"753","kapolda jatim lakukan peninjauan pelaksanaan vaksinasi dan pemberian bansos di gerai vaksin polres pelabuhan tanjun "
"754","tehe yg pas lantern rite kmaren tuh kok kita dpet bansos primo yah itu yg gara jenshin menang awards kah thankss "
"755","kapolda jatim lakukan peninjauan pelaksanaan vaksinasi dan pemberian bansos di gerai vaksin polres pelabuhan tanjun "
"756","maling bansos dalam survei a sebut juara juara apanya juara malingnya  dari sini jelas lembaga survei bisa dibay "
"757","kapolda jatim lakukan peninjauan pelaksanaan vaksinasi dan pemberian bansos di gerai vaksin polres pelabuhan tanjun "
"758"," polda kaltim berbagi   kunjungi terminal peti kemas kariangau kapolda kaltim bagikan  paket bansos pada buruh termina"
"759"," bansos  peluit harus dimanfaatkan "
"760"," asik banyak bansos"
"761","kapolda jatim lakukan peninjauan pelaksanaan vaksinasi dan pemberian bansos di gerai vaksin polres pelabuhan tanjun "
"762","        mengatasnamakan agama nyegat untuk pengelo "
"763"," polda kaltim berbagi   kunjungi terminal peti kemas kariangau kapolda kaltim bagikan  paket bansos pada buruh termina"
"764","kapolda jatim lakukan peninjauan pelaksanaan vaksinasi dan pemberian bansos di gerai vaksin polres pelabuhan tanjun "
"765"," anggota dprd goblok yg ngomong itu  cuma dudukduit diotaknyamakan enak  yg posting pen "
"766","kapolda jatim lakukan peninjauan pelaksanaan vaksinasi dan pemberian bansos di gerai vaksin polres pelabuhan tanjun "
"767","pkh bpnt blt bbm cair di atas  persen begini syarat dan cara cairkan bansos pakai ktp  "
"768"," bismillah bansos"
"769"," polda kaltim berbagi   kunjungi terminal peti kemas kariangau kapolda kaltim bagikan  paket bansos pada buruh termina"
"770"," wihh congrats bismillah bansos"
"771","kapolda jatim lakukan peninjauan pelaksanaan vaksinasi dan pemberian bansos di gerai vaksin polres pelabuhan tanjun "
"772","kapolda jatim lakukan peninjauan pelaksanaan vaksinasi dan pemberian bansos di gerai vaksin polres pelabuhan tanjun "
"773","  bagaman org mau percaya covid kalau ada kasus sweb bekas korupsi bansos harta jokowi da "
"774","babinsa koramilkrb bersama bhabinkamtibmas melaksanakan pendampingan bansos  kodimbanjarnegara babinsa "
"775","kapolda jatim lakukan peninjauan pelaksanaan vaksinasi dan pemberian bansos di gerai vaksin polres pelabuhan tanjun "
"776","kyaknya bansos nnti dikasih pas slesai update "
"777","  ngentotngerokokmalingngebegalngerampoknyopetkorupsi dana bansos ngelakuin penambangan liar pembakara"
"778"," polda kaltim berbagi   kunjungi terminal peti kemas kariangau kapolda kaltim bagikan  paket bansos pada buruh termina"
"779"," berharap boleh kan bansos minimal  fate pink kalo pelit mudah gk pelit ngasih nya  fate pink"
"780"," semoga ada bansos"
"781"," korupsi dana bansos di hukum mati itu janji dia nyata nya silit burik"
"782","yuuuhuuu jatuh tempo pinjol  jangan galbay kalau belum dpt bansos  sini chat kita kasih tau galbay dengan kecerd "
"783"," polda kaltim berbagi   kunjungi terminal peti kemas kariangau kapolda kaltim bagikan  paket bansos pada buruh termina"
"784","bansos dapet furry pink   "
"785"," polda kaltim berbagi   kunjungi terminal peti kemas kariangau kapolda kaltim bagikan  paket bansos pada buruh termina"
"786","polsek teluknaga polres metro tangerang kota terjun langsung pengamanan penyaluran bansos dari kemensos ri "
"787","parah ini bansos mau dibuat sebagai jaminan hutang dikira selalu cair apa ya  "
"788","akhirnya dapet lampu pelangi  dari tiket bansos "
"789","  hasil dari sini di paksakan untuk bertahan  mumpung berkuasa keruk semua kenukmatan negeri "
"790"," ngentotngerokokmalingngebegalngerampoknyopetkorupsi dana bansos ngelakuin penambangan liar pemb "
"791","antusias warga saat mencairkan bantuan sosial bansos program keluarga harapan pkh dan bantuan lansung tunai bl "
"792"," polda kaltim berbagi   kunjungi terminal peti kemas kariangau kapolda kaltim bagikan  paket bansos pada buruh termina"
"793","eh iya ada bansos"
"794","gajian bansos "
"795"," babu cw  garem  gmn hasil bansos shop bulanan kalian kakdek nih pny sender  "
"796","babu cw  garem  gmn hasil bansos shop bulanan kalian kakdek nih pny sender  "
"797","terimakasih presiden jokowi bansos blt tepat sasaran bantuanbbmuntukrakyat bltbbmtepatsasaran "
"798","   kalau bener terjadi pengarahan spt itu ya udah menyalahi juknis di tingkat "
"799"," nilep bansos"
"800","pemkab pandeglang salurkan bansos ke  keluarga penerima manfaat "
"801","  hari senin  nov  aku beli telor kg rp rb di semi grosir aa nya bilang harga telor naik efek banso"
"802","kembalikantvanalog kalo opini saya lebih kepada subsidi stb harus tepat kepada yg tidak mampu masalahnya banyak y "
"803","pemkab pandeglang salurkan bansos ke  keluarga penerima manfaat "
"804"," relawan pdi hingga pdip giliran ekonomi tumbang di era pandemi hingga saat ini berbagai bansos baik semba "
"805"," apanya yang di auditmasalah bansos saja gak kelarkatanya partaine wong cilik jusyru wong cilik "
"806","  bahasabahasa yang ngarepin bansos ya gini"
"807","katanya sih beras sembako bansos  kg tapi nyatanya      "
"808","mas kasih meme yg dapat bansos tapi kena potongan dari desa dan beli sembako paket secara paksa dari desa   adakah"
"809"," penyesuaian harga bbm dan pengalihan subsidi bbm menjadi bansosblt merupakan langkah tepat supaya subsidi tepat sasaran bltb"
"810","  korupsi bansos itu makan uang ribuan bahkan jutaan orang gak ada kasus pencucian uangnya tuh"
"811","  cuci uang bagaimana mungkin penipuan biasa menjadi pencucian uang kalo kejahatan yg beg "
"812"," penyesuaian harga bbm dan pengalihan subsidi bbm menjadi bansosblt merupakan langkah tepat supaya subsidi tepat sasaran bltb"
"813"," penyesuaian harga bbm dan pengalihan subsidi bbm menjadi bansosblt merupakan langkah tepat supaya subsidi tepat sasaran bltb"
"814"," penyesuaian harga bbm dan pengalihan subsidi bbm menjadi bansosblt merupakan langkah tepat supaya subsidi tepat sasaran bltb"
"815","waw dikit lgi bansos"
"816"," bukannya banyak bancakan kak    "
"817"," penyesuaian harga bbm dan pengalihan subsidi bbm menjadi bansosblt merupakan langkah tepat supaya subsidi tepat sasaran bltb"
"818"," salut smagat ya pa smoga inspirasinya menular pada yg lainberat memang pertangung jawaban bansos itu kalo tidak murni"
"819","  kg beras tuh maksudnya beras bansos kah"
"820"," penyesuaian harga bbm dan pengalihan subsidi bbm menjadi bansosblt merupakan langkah tepat supaya subsidi tepat sasaran bltb"
"821","gua nungguin lu kaya nungguin bansos ajgjawab kek tai"
"822"," pemkot bandung siap salurkan bansos rp ribu untuk  keluarga "
"823"," pemkot bandung siap salurkan bansos rp ribu untuk  keluarga "
"824"," pemkot bandung siap salurkan bansos rp ribu untuk  keluarga "
"825"," pemkot bandung siap salurkan bansos rp ribu untuk  keluarga "
"826"," pemkot bandung siap salurkan bansos rp ribu untuk  keluarga "
"827"," pemkot bandung siap salurkan bansos rp ribu untuk  keluarga "
"828"," pemkot bandung siap salurkan bansos rp ribu untuk  keluarga "
"829"," pemkot bandung siap salurkan bansos rp ribu untuk  keluarga "
"830"," pemkot bandung siap salurkan bansos rp ribu untuk  keluarga "
"831"," pemkot bandung siap salurkan bansos rp ribu untuk  keluarga "
"832"," pemkot bandung siap salurkan bansos rp ribu untuk  keluarga "
"833"," pemkot bandung siap salurkan bansos rp ribu untuk  keluarga "
"834"," pemkot bandung siap salurkan bansos rp ribu untuk  keluarga "
"835"," pemkot bandung siap salurkan bansos rp ribu untuk  keluarga "
"836"," pemkot bandung siap salurkan bansos rp ribu untuk  keluarga "
"837"," pemkot bandung siap salurkan bansos rp ribu untuk  keluarga "
"838","pemkot bandung siap salurkan bansos rp ribu untuk  keluarga "
"839","pemkot bandung siap salurkan bansos rp ribu untuk  keluarga "
"840","pemkot bandung siap salurkan bansos rp ribu untuk  keluarga "
"841","pemkot bandung siap salurkan bansos rp ribu untuk  keluarga "
"842","pemkot bandung siap salurkan bansos rp ribu untuk  keluarga "
"843"," sama kak bulan lalu berhasil mulangin hiyori hiiro sama tomoya dari bansos dan masih belum kelar "
"844"," penyesuaian harga bbm dan pengalihan subsidi bbm menjadi bansosblt merupakan langkah tepat supaya subsidi tepat sasaran bltb"
"845","  jangankan bantuan tsunami yang baru aja nih bansos covid ditelan juga boss sama ex m "
"846"," polda kaltim berbagi   kunjungi terminal peti kemas kariangau kapolda kaltim bagikan  paket bansos pada buruh termina"
"847"," jaringan aku bansos"
"848","anjwjahaahhaha dapet kuro di pull  tadi sebenarnya tsun udah pasrah di bansos dapet lampu pelangi dan yg pulang "
"849"," makasii chii mungkin hepiele kasihan kali ya sama aku biru mulu jadi dikasih  b di beda banner bansos"
"850"," menang apa emangnya  hepiele emang serem ini sering bagi bansos hhhh"
"851"," kalau ada duitnya sepertinya akan lancarlancar saja dana bansos aja diembat apa lagi ini dana besar gratis lagi"
"852","  kami bangga jikalau ibu puan bisa menyukseskan keluarga kami mendapapatkan bansosagar "
"853"," aceh pusat kadrun kasihan parlok bisa jadi suara mereka tergerus akibat efek anis padahal jokowi lua "
"854","sedikit want to pamer dari bansos hari ini yang kanan dari bansos autumn  hari login yang kiri dari bansos yang "
"855","   perjuangan konggres pdip dan susahnya berjuang untuk mendapatkan bansos dari "
"856"," sama ini juga abis dpt beras bansos "
"857","  ibu puan kenapa ya susahnya mendapatkan bansos dari pemerintah baik sembako maupun bltr "
"858","alhamdulillah turun bansos "
"859"," ngantri bansos"
"860","apa yang diharapkan dari gacha bansos tim biru knights "
"861","  bansos yg digarong mengalir ke rekening siapa "
"862"," tata cara cek penerima bansos kemensos  pakai ktp secara online  "
"863","tata cara cek penerima bansos kemensos  pakai ktp secara online  "
"864","tata cara cek penerima bansos kemensos  pakai ktp secara online "
"865"," polda kaltim berbagi   kunjungi terminal peti kemas kariangau kapolda kaltim bagikan  paket bansos pada buruh termina"
"866","gimana gacha bansos kalian kids"
"867","mau cerita jadi di kampung gua lagi rame soal bansos yg rb rby duit rb dibeliin sembako sama aparat de "
"868","ini baru namanya bansos  makasi hepiele lt  "
"869","sebanyak   insan transportasi dapatkan bansos voucher pembelian  bbm dari pemkab  selengkapnya "
"870","penyesuaian harga bbm dan pengalihan subsidi bbm menjadi bansosblt merupakan langkah tepat supaya subsidi tepat sa "
"871","  kalau di desajustru gak beli beras sudah punya hasil sawahburuh sawah utamanya gula k "
"872","  emang korupsi bansos bukan tragedi era jokowi papa minta saham terlupakan asabri lupa juga"
"873"," kategori bansos pkh tahap  yang masih cair desember  mulai dari blt ibu hamil hingga blt lansia "
"874","kategori bansos pkh tahap  yang masih cair desember  mulai dari blt ibu hamil hingga blt lansia "
"875","kategori bansos pkh tahap  yang masih cair desember  mulai dari blt ibu hamil hingga blt lansia "
"876","satlantas polres subang distribusikan bansos dengan r di wilayah terisolir gempa cianjur  "
"877","selalu hadirka polres seram bagian timur akbp agus joko nugroho sh sik sambangi warga teluk waru dalam r "
"878"," gak bisa nder  kalo yg kanan kayaknya sih dari bansos  event doang tower kurg tau habis update ini "
"879"," knapa mereka militankarena doktrin agama yg mereka sisip kandan itu biasa di tempat pengajiantru "
"880","perpindahan penyalur bansos dari atm bni ke pos dg menggunakan ktp memang menyisakan banyak pr setidaknya sebagian "
"881","  bisa diajukan penghapusan penerima bansos lewat musdes  musyawarah desa atau ajukan sangga "
"882","     cieee cieee baru ngeludah di jilat lagi bani bansos gadakerjaan "
"883","     dasar cucu durhaka lu kakekmu kamu fitnah nih kakemu "
"884"," enggaa anjir ngapain sembako wkwkwk ngarep bansos kali ah wkwk"
"885","  daerah mana yang masih mewajibkan belanja bansos bpnt di ewarong padahal sekarang dibe "
"886","klo kyk gini dapet bansos ga ya "
"887"," karena aku always bau jd aku ga akan gacha kecuali pingiiin banget sm dr bansos "
"888"," maaf bapak emilternyata kelanjutan bansos baik sembako maupun blt belum ada tindak lanjut sampai tan "
"889"," polda kaltim berbagi   kunjungi terminal peti kemas kariangau kapolda kaltim bagikan  paket bansos pada buruh termina"
"890","bhabinkamtibmas desa curug wetan polsek susukanlebak polresta cirebon bripka m rahmat  membantu prosesi pemakaman "
"891"," peternak sumringah nataru bersamaan bansos bnpt"
"892"," keputusan penunjukan pt  untuk penyaluran bansos khususnya bpnt untuk saat ini sangat tepa "
"893"," belum terima bansos soalnya kak "
"894"," iyh cape semoga di bansos ini banyak dapet b trs b oshi"
"895","tepar   baru inget ini eom kesilep sama bansos   cek cek dm dulu"
"896","capaian salur bansos kemensos di dki jakarta tembus  "
"897"," dtks pula sebagai acuan segala bansos yang diberikan ke masyarakat  alur pengusulan bisa dari pemerintah des "
"898"," bansos rp cair di kantor pos desember  login  cek penerima  h"
"899"," infososial hanya  hari capaian salur bansos tembus angka di atas   selengkapnya  "
"900","bansos rp cair di kantor pos desember  login  cek penerima "
"901","bansos rp cair di kantor pos desember  login  cek penerima "
"902"," tanggapan dari wagub jatim tim dinsos provinsi dan tim dinsos kota malang lsg datang tapi kelanjutan ba "
"903","kepala dinas sosial dinsos kabupaten bima tajuddin mengakui adanya pengaduan masyarakat terkait persoalan itu "
"904"," maaf bapak dan ibu admi saya sampai saat ini belum mendapat kan blt bbm dan pkh padahal saya sudah meng "
"905"," semoga tahun depan makin banyak bansos dan jaminan pelanginya "
"906"," masjid dan  musala di lobar terima bansos "
"907"," kpm di desa neglasari terima bansospemerintah "
"908","penyaluran bantuan sosial di desa sidomukti mayang dimanfaatkan pelaku  umkm desa setempat berbagai jenis usaha da "
"909","     ssst tak kandani yo  kadrun iku penikmat bansos "
"910","bener bener dah tagl muda atm ngantri kek ngambil bansos "
"911","    berasa lagi bagi bansos anjrot"
"912","  nah itu untungnya mulai  des aja ada bansos  hariannya kan"
"913","karna bansos sudah mulai turun lagi dan semua naik lagi tpi gaji suamiku tertunda lagi semoga bulan depn tidak sam "
"914","  kayaknya emang ryusei ada kecintaan tersendiri terhadap akhir tahun  tapi enaknya akhir tah "
"915","sinergitas kasi pemerintahan kecamatan bruno babinsa dan perangkat desa dalam persiapan pelaksanaan penyaluran ban "
"916"," ntar kan banyak bansos nder bisa ampe  wkwk"
"917","   gimana dana bansos buat rakyat jelata yg dikorupsi "
"918","pemerintah provinsi lampung melalui dinas sosial akan membagikan bantuan sosial bansos kepada masyarakat yang ter "
"919","      sabar ya klo bansos belum di kirim ke kamu sabar sj pasti di"
"920","   stb gratisan ada bantuan pemerintah banyak mulai dr prakerja pkh bansos pos bansos umkm"
"921","  dalam keadaan sulit dan panik sifat dasar manusia adalah hanya perduli pada diri sendiri d "
"922","   emang si insinyur kopok ini ga tau malu om hidupnya cuma ngandalin bansos mana "
"923"," dunia itu  sisi koin saat telur harga anjlok peternak nangis  ngamuk sampai telur cuman dibuang pe "
"924","     sabar ya klo bansos belum di kirim ke kamu sabar sj pa "
"925","  dibandung juga ada rumah dpt bantuan bedah rumah tp luas ukuran tanahnya kedua kendaraanny "
"926","     kita ini beda kelas bro kau itu penikmat bansos takd "
"927","menunggu jam  demi bansos"
"928","rabutanggal   pukul  wib sd selesai di gedung serbaguna ds bentakkec sidoharjo telah dilaksanaka "
"929"," kuat  aku kan hampir ga pernah gacha klo bukan dr bansos "
"930"," seprtinya butuh sembako at bansos itu"
"931","satusatunya acara award yg aku pedulikan karena kalo genshin menang bisa dapat bansos  "
"932"," ko pendaftaran account di aplikasi cek bansos error terus"
"933"," hari senin  nov  aku beli telor kg rp rb di semi grosir aa nya bilang harga telor naik efek ba "
"934"," gamungkinn beras seliter doang itu itupun beras pera yg kek beras bansos gitu"
"935"," polda kaltim berbagi   kunjungi terminal peti kemas kariangau kapolda kaltim bagikan  paket bansos pada buruh termina"
"936"," apa gak berkaca dari stb set top box tv digital  seolah olah dana bansos dibelikan selain untuk ber "
"937","     penikmat bansos yeee "
"938","tingkatkan capaian vaksinasi polres nganjuk buka gerai vaksinasi covid bersamaan dengan pembagianbansos "
"939"," polda kaltim berbagi   kunjungi terminal peti kemas kariangau kapolda kaltim bagikan  paket bansos pada buruh termina"
"940","     penikmat bansos ga bansos ga makan wkwkkkk"
"941","      ciee ciee penilmat bansos takut ga makan tanpa bansos wkwkkk"
"942","     ciee ciee penilmat bansos takut ga makan tanpa bansos wkwkkk"
"943","     ciee ciee penikmat bansos takut ya ga makan tanpa bansos wkwkkkk"
"944"," karung bansos "
"945"," cherry picking  memilih amp  menunjukkan data yg mendukung pendapat kita amp  mengabaikan yg ga sesuai atau nyomot se "
"946","astaga ini orang kalau wassap gue nanyainnya teh bansos mulu "
"947"," iyh makanya beri ak bansos"
"948","awal desember  ribu warga kota bengkulu akan digelontor bansos rp  ribu "
"949"," tolong kpd setempat kasih mereka bansos"
"950","hari ini rabu  november  mulai pukul  pagi sampai selesai saya melaksanakan kegiatan pengamanan penyaluran "
"951"," di salurkan kenapa sya tidak mendapatkan padahal penerima manfaat di dtks pas sya cek tpi tdak pern "
"952"," petugas  polsek lowokwaru memberikan  bansos serta memberikan perawatan kesehatan kepada warga penyandang  disabilitas di"
"953","x daftar kjp tidak pernah lolos padhal penerima bansos dtks terdftar tapi dari mulai blt sampai sembako apapun dri "
"954","alhamdulillah bansos udah mau cairrbisa buat bayar kontrakan  perantara rezekinya"
"955","itu yg di lakukan gotbener pdahal utk bansos warganya tuh "
"956","   kalo bantuan pemerintah turun harga telur jd mahal krn stok telur menipis diborong untk bansos"
"957","  dana bansos ge leungit komo nu kieu lah"
"958"," ya diambil lah nilainya lebih tinggi dari bansos "
"959"," polda kaltim berbagi   kunjungi terminal peti kemas kariangau kapolda kaltim bagikan  paket bansos pada buruh termina"
"960","sekjen kemensos apresiasi pos indonesia salurkan  bansos "
"961"," wkwkwkwkkw nah iya itu bansos elit hasil gacha sulit"
"962","malam ini bansos turun dong "
"963","ya diambil lah nilainya lebih tinggi dari bansos  "
"964","penyaluran bantuan dana bansos terus dipantau "
"965"," kirim bansos aja boleh ga"
"966"," miris terdaftar namun bantuan tak pernah terima bansos bpnt di sergai diduga ajang manfaat "
"967"," takut bakal kenapanapa hepielenya karena tibatiba jadi banyak banget ngasih bansos "
"968"," tapi jangan sampelah  ini udh nobun minimal tahun baru lah ya banyak bansos"
"969","     dia kan bangga sama ortu ny yg dulu ny pkilo gak bisa b "
"970","sabtu  nopember  bertempat di kantor desa bunutwetan kecamatan pakis dilaksanakan penyaluran bansos blt bbm "
"971","  stb gratisan ada bantuan pemerintah banyak mulai dr prakerja pkh bansos pos bansos "
"972","but anw malem ini malam bansos coy"
"973","aksi bansos krisdayanti sebagai dpr ri banjir hujatan dari warganet apa saja kinerjanya "
"974","      selamat malam bapakbapak  izin bertanya untuk pengambilan pkh dan "
"975"," polsek kraton salurkan bansos dari baznas dan polresta yogyakarta ke warga di kelurahan kadipaten  "
"976"," bhabinkamtibmas kelurahan klitren polsek gondokusuman aipda andreas triyono melakukan pendistribusian paket bantuan sosial"
"977"," hshshsj sibuk ya jadwal rilis cardnya mepet semua gini semoga ada bansos akhir tahun deh sekalian gratisan sr kan tu"
"978"," survenya sekelas   teringat bansos kohhhh "
"979","kapolsek bagor iptu sigino sh tuntun warga lansia saat penerimaan bansos dan menuju ke lokasi vaksinasi desa balo "
"980"," denger bansos itu bukan utk warga yg terdaftar sebagai kadrun "
"981","cek nama penerima bansos rp desember  online lewat hp "
"982","apbd dki  disepakati rp triliun alokasi bansos naik dua kali lipat jadi rp triliun  lewat "
"983"," cek penerima blt bbm  online lewat hp untuk dapat bansos rp  "
"984","cek penerima blt bbm  online lewat hp untuk dapat bansos rp  "
"985","cek penerima blt bbm  online lewat hp untuk dapat bansos rp "
"986","kabag logistik polres banyuasin kompol heriyanto melaksnakan giat bansos  polripresisi "
"987","          "
"988","ribuan penerima bansos bpnt di cimanuk pandeglang dipaksa belisembako "
"989","bansos bbm terbukti mendorong ekonomi amp  konsumsi bantuanbbmuntukrakyat bltbbmtepatsasaran subsiditepatsasaran "
"990","anggaran bbm dialihkan ke bansos bantuanbbmuntukrakyat bltbbmtepatsasaran subsiditepatsasaran cerdaspakaibbm "
"991","anggaran bbm dialihkan ke bansos bantuanbbmuntukrakyat bltbbmtepatsasaran subsiditepatsasaran cerdaspakaibbm "
"992","anggaran bbm dialihkan ke bansos bantuanbbmuntukrakyat bltbbmtepatsasaran subsiditepatsasaran cerdaspakaibbm "
"993","tapi bohong akukatanyakorupsi dari bansos covid akan di hukum mati buktinya cuma kurang dari  tahun penj "
"994"," ini bukan inovasi tapi copypaste wkwkkwkwkwk hidup lo bansos tulang lunak"
"995","login  untuk cek penerima bansos rp "
"996","anggaran bbm dialihkan ke bansos bantuanbbmuntukrakyat bltbbmtepatsasaran subsiditepatsasaran cerdaspakaibbm "
"997","data penerima bansos desa lubuk cuik kental unsur nepotisme "
"998","data penerima bansos desa lubuk cuik kental unsur nepotisme "
"999","  yakin dgn statrment anda yg nyinyir  mending kembangkan ide anda drpd andalan bansos doang "
"1000","  ngantri blt dan bansos paling duluan  giliran udah dapet malah dipake buat ongkos jihad ke monas  "
